Age,Gender,Exercise Level,Diet Type,Sleep Hours,Work Hours per Week,Screen Time per Day (Hours),Social Interaction Score,Happiness Score,Stress Level
48,Male,Low,Vegetarian,6.3,21,4.0,7.8,6.5,Low
31,Male,Moderate,Vegan,4.9,48,5.2,8.2,6.8,Low
37,Female,Low,Vegetarian,7.2,43,4.7,9.6,9.7,High
35,Male,Low,Vegan,7.2,43,2.2,8.2,6.6,Low
46,Male,Low,Balanced,7.3,35,3.6,4.7,4.4,Low
23,Other,Moderate,Balanced,2.7,50,3.3,8.4,7.2,Moderate
49,Male,Moderate,Junk Food,6.6,28,7.2,5.6,6.9,Low
46,Other,Low,Vegetarian,6.3,46,5.6,3.5,1.1,High
60,Male,High,Vegetarian,4.7,33,6.6,3.7,5.2,Low
19,Female,Moderate,Vegan,3.3,44,7.7,3.0,7.7,Low
40,Male,Moderate,Balanced,6.3,41,5.9,2.3,5.5,Low
36,Male,Low,Vegan,8.1,54,7.9,2.7,8.0,Low
48,Male,High,Balanced,2.6,52,3.9,1.6,5.1,Moderate
22,Other,Low,Vegan,5.3,46,3.1,9.0,9.8,High
36,Female,Moderate,Balanced,6.7,59,4.4,9.4,3.6,High
51,Male,Moderate,Vegan,8.2,45,4.8,6.3,1.8,Low
27,Other,Low,Balanced,6.0,38,7.4,8.6,4.9,Low
42,Female,Low,Vegan,9.4,58,5.4,2.7,5.9,Moderate
19,Other,High,Vegetarian,3.8,45,3.8,9.1,4.1,Low
28,Other,High,Junk Food,3.5,25,6.5,5.6,3.2,Moderate
48,Female,Moderate,Vegan,8.0,22,5.0,1.6,7.0,High
32,Male,High,Junk Food,3.0,25,3.0,2.3,4.4,High
26,Other,High,Vegetarian,7.2,47,5.5,3.8,6.7,Moderate
40,Other,Moderate,Vegetarian,6.1,22,7.5,1.4,8.0,High
36,Male,Moderate,Balanced,5.1,32,7.1,3.8,7.8,Low
26,Male,Moderate,Junk Food,5.9,32,5.5,1.5,4.4,Low
52,Female,Moderate,Keto,4.6,32,4.3,3.1,6.1,Moderate
38,Female,Low,Balanced,6.0,20,2.5,3.4,5.0,High
26,Female,Moderate,Junk Food,6.5,59,4.8,9.9,8.8,High
45,Male,Moderate,Vegan,5.9,56,6.5,3.1,8.9,Moderate
63,Other,Moderate,Vegan,5.6,50,4.2,3.2,4.1,Moderate
24,Other,High,Vegetarian,6.9,36,3.4,7.2,1.8,High
33,Female,Moderate,Keto,9.0,28,7.6,8.7,2.5,Moderate
33,Male,Low,Vegan,6.1,32,6.9,4.5,4.3,Low
50,Other,Low,Junk Food,7.7,56,5.8,8.9,6.1,High
21,Female,Moderate,Junk Food,5.1,33,2.8,4.1,6.9,Moderate
21,Other,Low,Vegan,4.5,30,2.9,2.8,4.0,Moderate
56,Other,High,Junk Food,7.2,44,2.6,4.0,7.0,Moderate
57,Male,Moderate,Junk Food,6.1,50,5.7,6.5,9.4,High
34,Male,Low,Vegetarian,8.2,33,2.7,4.3,6.9,Low
54,Other,Low,Keto,8.5,26,7.1,7.1,2.4,Low
56,Female,Moderate,Vegetarian,7.8,43,8.0,3.1,6.2,High
46,Male,Low,Keto,7.7,55,4.2,7.3,5.9,Moderate
53,Other,Moderate,Junk Food,1.4,22,4.7,4.1,8.8,High
55,Male,Low,Keto,7.2,45,6.3,5.1,4.2,High
56,Male,High,Junk Food,7.8,45,7.6,6.0,4.8,Moderate
54,Male,Low,Junk Food,4.6,20,7.4,7.2,6.4,High
52,Other,Low,Vegetarian,6.5,34,2.3,3.1,5.7,Low
24,Female,Moderate,Vegetarian,4.9,30,3.0,8.5,7.5,High
44,Female,Low,Balanced,8.0,56,6.5,7.5,1.4,Moderate
45,Female,Moderate,Vegan,5.1,26,6.1,3.1,6.1,High
39,Male,High,Balanced,5.3,31,2.8,9.8,2.1,Low
31,Other,Moderate,Balanced,5.8,57,5.0,7.0,3.8,High
24,Male,Moderate,Keto,9.9,22,6.7,5.1,7.0,High
54,Female,Low,Junk Food,8.0,45,3.3,2.4,2.4,High
39,Female,High,Junk Food,8.9,49,7.2,5.8,3.8,High
22,Other,Moderate,Junk Food,3.8,51,2.3,2.5,7.3,Moderate
19,Male,Low,Vegan,4.6,55,6.7,4.9,6.9,Low
44,Female,Low,Keto,8.5,56,5.7,4.7,1.8,Low
38,Other,Moderate,Keto,3.9,37,3.9,7.5,6.2,Low
55,Male,Low,Junk Food,5.5,20,6.3,2.7,2.3,High
32,Male,Moderate,Balanced,9.6,40,6.7,8.4,3.3,Low
38,Female,Moderate,Vegan,5.1,47,7.6,3.9,5.1,Moderate
27,Female,Moderate,Balanced,3.8,35,4.2,5.0,2.0,High
40,Male,High,Vegetarian,6.6,47,6.1,8.0,9.9,High
56,Male,Moderate,Keto,3.8,41,5.6,6.6,2.5,Low
22,Female,Low,Keto,8.4,38,5.2,3.8,8.0,High
18,Male,High,Balanced,5.2,20,7.3,4.5,8.5,High
30,Female,Low,Vegan,4.9,50,2.0,3.8,10.0,Low
38,Male,High,Keto,6.5,53,3.7,6.4,4.9,Moderate
43,Female,High,Balanced,5.9,59,5.2,4.0,8.9,Moderate
62,Other,High,Vegan,6.9,25,3.1,7.5,9.6,Low
38,Female,High,Balanced,7.3,47,7.4,6.2,2.6,Moderate
35,Female,Low,Vegan,6.2,22,5.9,2.3,5.3,Moderate
54,Other,Moderate,Junk Food,4.8,50,4.9,3.8,1.5,Moderate
62,Male,Low,Vegan,7.6,35,6.9,3.0,6.6,High
49,Other,Moderate,Vegetarian,5.5,36,4.7,4.5,6.2,High
53,Female,Low,Junk Food,5.2,46,5.4,5.6,2.8,High
34,Male,High,Balanced,6.7,43,2.0,5.6,8.2,Moderate
52,Other,High,Junk Food,3.6,39,4.2,7.8,1.3,High
28,Male,Moderate,Junk Food,7.1,51,2.8,2.7,8.3,Moderate
38,Male,Moderate,Balanced,6.8,54,6.1,9.5,1.2,Low
43,Other,Low,Balanced,8.2,32,4.9,4.1,6.9,Moderate
21,Male,Moderate,Vegetarian,5.7,39,3.8,3.7,1.7,High
51,Other,Low,Balanced,8.5,21,4.8,7.2,3.3,Moderate
35,Female,Moderate,Keto,7.3,23,3.3,8.2,7.5,High
57,Male,Moderate,Keto,6.5,46,7.6,4.4,3.5,High
52,Female,Moderate,Vegetarian,9.2,44,2.3,7.7,5.6,Low
58,Female,High,Vegan,6.6,23,7.2,9.0,9.2,Low
46,Male,High,Vegan,5.7,51,5.1,7.9,1.4,High
46,Other,Low,Keto,6.7,36,5.7,1.3,8.3,Moderate
55,Male,Moderate,Balanced,5.7,20,3.8,8.4,1.6,Low
59,Female,Low,Vegetarian,7.1,52,7.8,8.0,2.1,Low
38,Female,Moderate,Vegan,8.5,49,3.7,7.0,2.1,High
59,Other,High,Vegan,6.5,24,5.5,7.8,9.9,Moderate
30,Male,High,Junk Food,6.6,31,8.0,9.8,2.6,Low
58,Female,Moderate,Keto,7.7,57,7.3,4.9,9.1,Low
34,Female,Moderate,Balanced,8.3,51,5.2,1.6,9.9,Moderate
26,Female,High,Vegetarian,5.8,57,7.9,5.1,4.5,Low
58,Other,High,Vegan,6.8,36,6.2,1.4,6.7,Moderate
18,Female,Low,Junk Food,7.7,59,3.3,3.6,8.0,High
19,Female,High,Keto,7.0,51,4.4,6.3,4.5,Low
46,Male,Moderate,Keto,3.7,43,4.0,3.8,2.5,High
50,Male,Low,Vegetarian,8.0,31,4.1,7.2,4.9,Moderate
27,Female,Moderate,Vegan,7.3,50,6.6,8.4,7.9,High
57,Female,Low,Vegetarian,7.4,38,5.5,4.8,8.0,High
38,Male,Moderate,Vegetarian,4.7,48,2.2,9.1,3.1,High
45,Other,High,Junk Food,6.7,40,7.3,1.7,2.6,Moderate
28,Other,Moderate,Keto,7.8,45,3.8,8.6,9.3,Moderate
51,Other,Low,Balanced,5.2,47,8.0,8.5,1.4,Moderate
25,Other,Moderate,Keto,5.6,36,7.7,3.9,7.6,Moderate
39,Other,Low,Keto,7.8,28,7.6,3.7,1.4,Moderate
25,Other,Moderate,Junk Food,5.5,40,6.9,3.7,8.5,Low
32,Other,High,Balanced,6.2,53,3.3,8.3,9.1,Low
34,Other,High,Vegan,4.9,30,5.2,8.5,3.7,Low
40,Male,Moderate,Balanced,9.2,39,3.3,4.0,1.7,High
41,Other,Moderate,Vegan,7.3,58,3.6,6.3,5.3,High
62,Other,Moderate,Balanced,6.1,35,5.7,2.3,3.7,Moderate
36,Other,Low,Vegetarian,5.8,48,2.2,5.2,4.8,Moderate
22,Female,Moderate,Balanced,4.7,20,7.8,10.0,7.0,Low
49,Male,Moderate,Junk Food,6.3,37,7.5,2.4,2.9,Moderate
61,Male,Low,Vegan,7.5,41,4.3,9.5,4.2,High
18,Male,High,Keto,5.3,27,5.1,8.4,8.0,Moderate
40,Other,Moderate,Junk Food,6.7,26,4.8,9.7,6.8,Low
54,Other,Moderate,Vegan,5.9,44,7.3,2.6,3.9,Moderate
25,Female,High,Vegan,8.6,49,6.1,2.9,7.0,High
30,Male,High,Keto,5.5,53,3.7,1.2,7.9,Low
25,Other,Low,Vegetarian,7.7,30,4.7,7.5,6.3,Moderate
40,Male,Moderate,Junk Food,8.6,34,4.6,6.8,3.2,High
60,Female,Moderate,Keto,5.9,54,7.8,2.6,1.0,Low
18,Female,Low,Keto,5.6,42,3.1,8.1,8.2,Low
62,Female,High,Vegetarian,7.9,40,2.5,3.7,8.4,High
41,Male,Low,Junk Food,3.8,47,7.3,2.2,7.3,Moderate
52,Other,High,Keto,7.1,32,7.4,4.8,1.7,Moderate
41,Other,Low,Vegetarian,4.1,53,7.2,1.8,6.3,Moderate
34,Female,High,Junk Food,8.3,57,5.1,3.4,8.4,Low
22,Other,Low,Balanced,6.1,25,6.0,4.3,4.5,Low
37,Female,High,Vegan,6.4,23,5.4,8.7,2.8,Moderate
38,Male,High,Vegetarian,5.4,24,2.4,8.1,6.3,Low
57,Female,High,Vegan,4.1,59,5.6,5.0,8.4,Low
48,Male,High,Balanced,8.4,25,2.1,7.5,1.4,High
63,Female,High,Keto,6.2,40,3.9,6.1,6.4,Moderate
53,Other,Moderate,Keto,11.3,47,7.6,4.1,6.8,Moderate
28,Other,High,Junk Food,5.3,22,3.8,7.5,6.4,Moderate
32,Female,Moderate,Vegetarian,5.5,42,7.6,7.2,6.9,Low
36,Other,High,Vegetarian,5.2,27,3.5,6.6,6.7,Low
24,Other,Moderate,Junk Food,6.2,38,3.9,6.6,2.2,Low
45,Other,Moderate,Vegan,8.9,30,5.8,7.1,3.1,Moderate
60,Male,Low,Keto,8.0,29,6.6,4.5,6.6,Low
22,Other,High,Keto,4.2,47,5.0,8.8,1.2,Moderate
22,Male,Low,Vegetarian,8.3,39,7.3,2.5,6.7,Low
47,Female,Low,Vegetarian,7.5,47,2.2,9.0,7.0,Moderate
49,Other,High,Junk Food,7.2,48,7.5,4.1,3.2,High
25,Other,Low,Balanced,5.5,27,3.2,2.1,6.4,Low
27,Other,High,Vegan,5.6,38,7.3,6.4,5.8,Moderate
55,Female,Low,Balanced,6.7,40,4.4,4.4,3.3,High
64,Male,High,Balanced,5.7,37,7.0,8.3,5.2,High
49,Male,High,Vegetarian,8.5,28,6.0,4.9,9.2,Low
45,Other,High,Vegetarian,5.6,23,3.1,7.0,4.8,Moderate
34,Female,Moderate,Vegetarian,3.6,44,7.5,3.8,6.7,Low
48,Female,Low,Balanced,4.5,53,3.5,2.9,1.3,High
25,Female,Moderate,Vegan,4.6,28,3.5,4.5,1.7,Low
57,Female,Low,Vegetarian,6.1,28,6.9,6.5,1.7,Moderate
42,Female,Low,Keto,6.8,37,2.6,6.9,8.0,High
26,Male,Low,Vegan,6.6,30,3.3,6.2,4.2,Low
19,Male,Moderate,Keto,7.2,32,5.0,9.9,3.0,Low
32,Male,Low,Vegan,6.1,57,7.0,7.2,7.7,Low
20,Other,Moderate,Vegetarian,6.2,28,2.9,9.4,2.5,Low
53,Female,High,Junk Food,9.1,35,5.3,2.1,3.2,Low
21,Other,Low,Vegetarian,8.3,23,6.3,1.6,4.9,High
31,Female,Low,Balanced,7.1,53,7.2,3.8,4.0,High
58,Male,High,Balanced,7.9,26,7.6,2.2,6.3,Moderate
58,Other,High,Vegan,3.6,34,6.7,5.7,4.0,Low
42,Male,Low,Balanced,5.3,57,5.9,5.7,4.5,Moderate
27,Female,High,Vegetarian,5.9,30,4.6,6.2,8.8,High
38,Female,Moderate,Keto,5.3,51,2.7,7.7,9.0,Low
53,Female,Moderate,Vegetarian,4.2,46,6.3,9.7,8.4,Moderate
29,Male,Low,Vegan,7.1,49,8.0,8.9,8.8,Low
44,Female,Moderate,Balanced,8.6,36,6.4,2.1,6.1,Low
57,Male,Moderate,Keto,6.5,55,2.1,4.0,6.8,Moderate
19,Other,Low,Junk Food,7.5,38,5.0,3.3,6.0,High
30,Female,High,Keto,6.4,26,5.7,2.6,8.1,Moderate
49,Female,Low,Keto,5.8,40,6.1,5.9,6.0,Moderate
48,Female,Moderate,Vegetarian,7.9,47,6.3,6.0,2.0,Moderate
33,Other,Low,Junk Food,4.4,22,5.3,3.0,8.3,Low
49,Female,Low,Vegan,3.7,33,3.3,7.4,7.8,High
49,Male,Moderate,Vegan,4.3,21,7.7,7.6,8.4,High
51,Male,Moderate,Keto,7.8,48,6.2,1.2,2.7,Low
28,Female,Low,Keto,6.6,37,3.4,4.6,3.4,High
27,Female,Moderate,Balanced,7.1,56,3.9,9.0,3.7,Moderate
32,Other,Moderate,Junk Food,9.0,43,7.5,5.7,5.6,High
34,Other,Moderate,Keto,4.8,31,7.3,4.1,2.2,Low
57,Other,Moderate,Balanced,8.3,51,4.4,3.3,4.5,High
35,Female,Moderate,Junk Food,5.9,37,2.2,3.2,2.6,Low
26,Other,Moderate,Vegan,5.7,32,2.3,1.9,3.4,Moderate
42,Other,High,Balanced,6.6,23,3.7,8.4,7.4,Low
57,Male,Low,Junk Food,6.9,42,5.8,1.8,8.7,High
31,Other,Moderate,Balanced,6.2,29,5.5,3.6,1.2,Moderate
42,Male,Low,Keto,7.4,24,5.8,1.4,6.1,High
39,Male,High,Vegetarian,6.6,59,6.3,8.0,1.3,Low
47,Other,Moderate,Vegan,6.2,33,2.1,1.4,1.8,Moderate
37,Male,Low,Keto,5.9,53,2.6,3.8,7.3,Low
38,Female,Moderate,Keto,6.9,47,4.2,6.2,7.6,High
61,Female,Moderate,Junk Food,4.5,27,2.9,4.7,8.3,Low
49,Other,Moderate,Balanced,4.9,35,2.5,3.5,5.3,High
63,Female,Moderate,Vegan,5.9,50,5.8,3.5,8.7,High
38,Male,Moderate,Keto,7.3,26,6.9,8.2,2.5,Moderate
52,Female,Moderate,Junk Food,9.7,22,6.5,9.8,3.2,Moderate
49,Other,Moderate,Vegan,6.3,48,6.9,4.1,2.2,Low
47,Other,High,Balanced,3.8,55,6.0,1.4,8.2,High
56,Male,High,Keto,5.3,58,6.4,1.3,3.1,High
29,Other,Moderate,Keto,7.5,23,3.6,7.8,2.4,Moderate
58,Female,Moderate,Keto,5.0,28,8.0,6.0,6.6,Moderate
64,Other,High,Vegan,4.5,36,3.1,8.1,1.7,Moderate
35,Male,High,Vegan,7.5,39,3.3,7.3,1.4,Moderate
38,Other,High,Vegan,7.2,33,3.7,9.2,2.0,Low
30,Female,Moderate,Vegan,4.3,48,7.9,9.0,1.0,Low
38,Male,Low,Junk Food,5.2,32,7.9,8.1,7.3,Low
25,Female,Low,Vegetarian,8.4,55,6.8,5.3,6.1,Low
63,Male,Low,Junk Food,7.8,36,5.8,3.8,2.9,Moderate
57,Other,Low,Keto,4.7,23,5.1,5.6,3.1,Low
63,Male,Moderate,Junk Food,3.5,39,7.8,5.5,8.3,Low
24,Male,Low,Balanced,6.9,30,6.2,6.5,5.5,Low
40,Other,High,Vegan,6.1,41,7.7,2.7,7.3,Moderate
61,Female,High,Balanced,6.8,27,3.9,6.9,5.1,High
49,Other,Low,Balanced,7.5,47,4.0,5.1,3.1,Moderate
28,Male,High,Keto,5.1,49,7.1,6.6,9.7,High
39,Other,Moderate,Vegan,5.9,52,2.9,3.2,6.1,High
39,Male,Low,Balanced,5.2,52,7.7,4.9,2.2,Low
60,Other,Low,Keto,5.2,55,5.0,2.9,4.7,Low
42,Other,Moderate,Vegan,7.3,46,7.6,8.9,4.0,Low
39,Female,High,Vegetarian,6.7,39,4.0,5.4,2.9,Moderate
45,Male,Moderate,Keto,4.2,52,6.3,3.0,9.4,Moderate
46,Female,Moderate,Junk Food,7.6,44,4.9,1.4,8.9,Low
30,Male,High,Vegan,6.0,38,5.8,7.1,2.8,Moderate
35,Other,Moderate,Balanced,7.7,40,5.0,2.9,4.2,Moderate
19,Male,High,Balanced,5.0,52,7.8,9.9,7.9,High
46,Female,High,Junk Food,5.1,22,6.2,5.8,2.9,Moderate
38,Female,Moderate,Junk Food,6.9,33,3.5,3.6,6.3,High
32,Female,High,Balanced,4.9,34,7.5,6.9,7.3,Low
44,Male,Moderate,Vegan,6.1,52,3.8,3.5,6.9,Moderate
48,Female,High,Keto,4.7,41,4.2,8.4,7.4,High
32,Female,Low,Junk Food,5.9,20,2.6,3.8,7.4,Moderate
40,Female,High,Junk Food,6.5,50,7.4,9.9,9.7,High
41,Other,High,Junk Food,6.5,54,3.7,6.4,4.1,High
61,Other,Moderate,Vegetarian,6.0,39,3.6,8.6,8.9,Moderate
30,Male,High,Vegan,7.0,51,7.5,1.7,1.2,Low
39,Male,Low,Vegan,6.7,31,6.8,4.1,3.6,High
60,Female,Low,Vegan,6.4,35,2.8,7.6,1.4,Low
54,Other,High,Vegan,5.6,27,6.6,6.9,6.9,Moderate
50,Female,High,Vegan,8.1,33,7.5,2.7,1.9,Moderate
20,Female,Low,Balanced,7.1,37,2.5,4.2,8.6,Low
36,Other,Moderate,Junk Food,4.9,49,7.0,3.4,6.8,Moderate
40,Other,Low,Balanced,7.5,52,5.3,6.5,1.3,High
46,Other,Low,Vegetarian,7.8,53,6.0,4.1,7.4,Low
47,Male,High,Keto,6.4,53,5.0,3.8,8.8,Moderate
56,Male,High,Junk Food,6.5,26,6.2,2.9,7.0,Moderate
61,Female,Low,Vegetarian,3.4,25,2.2,4.7,1.3,Low
64,Male,Moderate,Balanced,5.2,25,6.6,2.8,8.7,High
42,Other,Low,Keto,7.8,41,2.2,9.7,7.6,Low
54,Other,Low,Vegetarian,5.3,27,4.7,2.4,4.4,Moderate
64,Male,Moderate,Keto,6.3,56,2.9,9.2,4.0,Moderate
25,Female,Low,Vegetarian,5.2,34,6.9,4.9,5.3,Low
59,Female,Low,Balanced,6.8,45,3.9,4.4,8.8,High
33,Male,High,Keto,7.1,58,4.7,3.1,3.3,High
25,Female,Moderate,Vegetarian,7.1,22,4.6,6.7,1.9,High
18,Female,High,Balanced,4.8,29,6.6,7.2,8.8,Low
61,Female,High,Junk Food,6.7,22,4.9,5.2,1.2,High
22,Other,Moderate,Balanced,8.9,49,6.7,1.5,9.2,High
20,Other,Moderate,Balanced,7.6,41,2.4,9.3,3.8,High
18,Male,Low,Junk Food,6.6,22,3.1,9.8,5.6,High
21,Other,High,Balanced,3.6,20,5.3,4.9,2.2,Moderate
57,Female,Moderate,Junk Food,6.1,52,7.7,6.5,9.1,Low
52,Other,High,Junk Food,9.0,38,2.4,5.1,7.7,Low
49,Male,High,Junk Food,8.5,55,2.3,3.9,9.3,High
59,Other,Moderate,Vegetarian,7.2,53,2.9,1.7,7.1,Low
51,Female,Low,Keto,5.4,50,5.8,5.1,2.7,Low
60,Female,High,Vegetarian,6.6,43,4.4,8.4,3.8,Moderate
42,Male,Moderate,Junk Food,7.7,31,7.0,1.2,5.4,Low
27,Other,Low,Keto,7.9,32,2.4,6.2,6.5,Moderate
38,Other,High,Keto,7.0,35,3.2,8.9,9.3,Low
63,Other,Moderate,Junk Food,7.8,35,3.8,3.0,4.5,Moderate
56,Female,High,Keto,6.4,39,5.8,2.6,7.3,Moderate
44,Male,Moderate,Keto,6.3,46,6.1,8.0,9.6,Low
44,Other,Moderate,Vegetarian,5.8,58,2.7,3.3,2.4,Moderate
19,Female,High,Keto,7.1,32,7.7,2.7,8.8,Moderate
58,Female,High,Junk Food,8.0,23,4.0,4.4,4.8,Low
30,Female,Moderate,Vegan,7.6,51,6.3,4.5,7.6,Moderate
26,Other,Low,Vegan,4.7,59,5.1,8.9,3.6,Moderate
53,Other,High,Vegan,4.8,53,3.3,6.6,4.0,Moderate
39,Other,Moderate,Junk Food,8.2,58,7.1,4.7,1.2,Moderate
59,Other,Moderate,Vegan,6.8,36,6.9,5.8,9.7,Moderate
43,Other,Low,Vegetarian,6.8,43,4.4,9.6,8.3,High
29,Other,Low,Junk Food,6.8,48,5.5,2.0,1.8,Moderate
34,Other,Low,Junk Food,9.1,47,3.5,2.9,10.0,Moderate
31,Other,High,Junk Food,5.8,41,6.1,9.7,6.4,Moderate
31,Other,Moderate,Keto,8.2,47,3.9,9.6,8.7,Moderate
51,Female,Moderate,Keto,6.9,44,7.1,2.6,1.6,Low
37,Other,Moderate,Keto,4.1,22,3.3,2.3,4.5,High
28,Male,Low,Balanced,5.3,32,2.1,4.8,7.0,Low
33,Female,Moderate,Vegetarian,5.6,50,3.6,1.4,2.0,High
48,Other,High,Junk Food,8.1,32,3.1,6.9,5.4,Moderate
23,Male,Low,Junk Food,8.3,37,5.0,1.7,5.0,Moderate
36,Other,Low,Keto,7.0,56,3.2,1.5,2.9,High
54,Male,Low,Junk Food,5.7,53,6.6,5.4,3.7,High
21,Male,Low,Junk Food,5.1,36,3.4,9.6,9.7,Low
64,Male,High,Vegan,8.2,40,6.2,4.8,3.6,High
21,Male,Moderate,Junk Food,4.6,55,5.5,4.2,2.9,Moderate
37,Female,High,Balanced,6.3,59,7.9,10.0,5.8,Low
27,Female,Moderate,Keto,10.0,38,8.0,5.8,7.0,High
41,Male,High,Vegetarian,5.7,31,7.2,4.4,7.5,High
52,Other,Low,Vegetarian,4.6,47,6.6,4.5,7.8,Low
43,Male,Low,Vegan,3.9,30,4.3,2.8,1.3,High
54,Female,High,Vegetarian,10.1,56,6.5,5.6,4.5,Moderate
55,Other,High,Vegetarian,7.0,47,7.7,4.9,8.0,Low
38,Female,Moderate,Keto,5.2,54,2.1,3.4,9.1,High
57,Female,High,Keto,6.2,34,5.2,2.4,6.4,Moderate
56,Other,High,Balanced,5.5,35,3.3,3.8,1.5,High
38,Male,Moderate,Vegan,3.7,26,5.3,5.6,4.6,Low
27,Male,Moderate,Vegetarian,7.7,22,4.8,1.5,1.7,High
55,Male,Moderate,Balanced,6.6,50,5.5,2.4,7.7,High
63,Male,High,Vegan,7.6,31,5.3,9.5,1.6,High
21,Other,Moderate,Vegetarian,6.5,27,7.8,5.9,2.7,Moderate
62,Other,Low,Vegetarian,6.7,44,5.3,1.6,4.8,Moderate
37,Other,Low,Keto,3.1,54,7.1,7.2,5.2,High
34,Female,Low,Junk Food,7.9,31,3.9,1.6,4.7,High
24,Other,High,Vegan,4.9,40,4.6,7.6,5.2,Low
21,Male,Low,Vegetarian,5.3,45,4.8,7.7,7.4,High
46,Female,High,Vegan,5.7,21,3.7,6.9,4.3,Low
31,Male,High,Balanced,3.4,33,4.3,7.6,5.9,Moderate
20,Male,Low,Balanced,5.6,23,5.6,1.8,3.7,High
41,Other,Moderate,Junk Food,5.5,36,5.5,7.5,4.2,Low
54,Other,High,Vegetarian,5.9,24,5.8,2.2,6.5,Moderate
33,Male,Low,Keto,3.9,43,4.1,4.1,5.4,Low
21,Male,High,Vegetarian,7.9,26,3.9,9.5,7.5,Moderate
41,Female,Moderate,Vegan,7.1,42,5.7,5.5,6.0,High
51,Other,Moderate,Balanced,5.2,36,2.8,9.7,8.2,Low
47,Female,Low,Vegan,5.6,31,3.5,1.8,5.0,High
35,Female,High,Junk Food,7.8,30,2.3,5.3,5.4,Low
36,Female,High,Balanced,6.1,30,2.4,1.6,7.0,Moderate
48,Male,High,Keto,4.6,53,3.5,6.7,3.0,Low
36,Female,High,Balanced,6.4,56,2.1,1.7,4.5,Low
63,Female,Low,Vegetarian,4.9,48,3.5,2.6,6.6,High
36,Male,Moderate,Vegetarian,5.4,55,5.9,3.3,1.3,High
39,Other,Low,Balanced,6.4,46,2.4,7.7,4.9,High
41,Other,High,Junk Food,8.1,41,4.6,2.5,6.4,Moderate
62,Female,High,Vegetarian,9.5,21,7.5,8.6,9.7,High
29,Male,Moderate,Vegetarian,8.5,55,6.7,2.2,8.9,Low
47,Other,High,Keto,6.4,49,3.8,1.3,3.5,Moderate
55,Female,Low,Balanced,9.9,26,7.5,4.6,5.6,High
48,Female,Low,Vegetarian,7.3,31,4.0,9.8,1.5,Low
53,Male,Moderate,Junk Food,5.0,22,2.4,2.0,3.2,Low
36,Female,Low,Vegan,6.6,36,8.0,1.9,8.0,Moderate
62,Other,Low,Balanced,5.5,51,7.2,7.8,2.1,Low
53,Male,Low,Keto,4.6,27,4.8,3.8,3.3,High
47,Other,Low,Vegetarian,4.7,42,6.0,7.5,9.5,Low
50,Other,High,Junk Food,6.3,57,6.0,2.8,8.4,High
35,Other,Low,Balanced,7.6,49,3.2,5.1,8.0,High
45,Female,Moderate,Junk Food,8.1,34,3.2,3.4,8.8,Moderate
64,Female,Moderate,Junk Food,4.6,29,4.8,5.1,7.7,Low
28,Other,Low,Keto,6.0,57,7.5,7.9,2.1,Moderate
62,Other,Moderate,Balanced,7.2,34,2.1,7.9,5.6,Moderate
50,Male,Low,Vegetarian,6.7,49,6.7,5.6,5.0,Moderate
34,Male,Moderate,Keto,7.5,45,2.3,9.4,3.8,High
23,Female,Moderate,Vegetarian,5.8,33,4.9,3.4,8.5,High
21,Female,Low,Vegan,8.4,22,5.8,3.2,5.2,High
37,Male,Low,Junk Food,6.5,55,6.1,6.5,1.5,High
64,Other,High,Vegan,7.6,45,2.4,6.6,3.5,Low
44,Female,Low,Junk Food,5.9,33,4.5,1.4,3.1,Low
32,Other,Low,Keto,6.6,50,5.5,6.5,9.0,High
23,Male,High,Vegetarian,4.1,33,2.4,4.4,6.8,High
64,Female,Low,Vegetarian,5.2,59,2.8,7.7,6.0,Low
31,Female,Low,Keto,6.2,29,6.0,8.3,5.6,Moderate
28,Male,High,Balanced,6.7,28,5.1,6.0,6.9,Moderate
56,Female,Low,Vegan,10.5,59,3.0,1.0,7.8,High
26,Male,Low,Vegan,5.9,37,5.2,6.7,6.0,Moderate
43,Female,High,Vegetarian,4.4,55,7.5,7.7,9.4,High
33,Male,High,Vegetarian,9.1,55,2.1,3.2,9.8,High
22,Female,Moderate,Vegetarian,8.1,31,5.9,5.2,10.0,High
27,Other,Low,Keto,4.8,59,2.4,9.7,7.0,Low
20,Other,Moderate,Balanced,7.2,22,2.0,3.7,9.4,Moderate
30,Other,Moderate,Vegan,7.8,37,2.9,3.0,4.6,Low
60,Female,High,Junk Food,6.7,26,4.5,2.9,8.7,Moderate
47,Female,Low,Keto,7.0,50,6.8,6.0,9.2,Low
62,Other,Low,Vegan,5.6,20,3.7,9.5,9.1,Low
23,Other,High,Balanced,7.3,50,5.8,6.5,8.5,High
34,Male,Moderate,Keto,5.8,32,4.5,3.7,4.7,High
62,Male,High,Vegan,2.5,48,3.4,6.7,2.4,Low
36,Male,Low,Keto,6.8,22,5.1,6.6,4.0,Moderate
59,Other,High,Vegan,4.0,48,6.8,6.4,7.9,Moderate
52,Other,Low,Vegan,8.0,54,7.0,2.4,3.1,High
63,Other,Moderate,Balanced,4.8,34,7.1,6.7,5.3,High
43,Male,Low,Junk Food,2.8,40,4.0,4.9,6.1,Moderate
22,Female,Moderate,Balanced,3.8,38,6.8,1.2,6.4,Moderate
46,Other,Moderate,Vegan,6.4,47,3.3,5.9,9.4,Moderate
54,Female,Low,Keto,6.8,23,6.4,9.9,7.0,High
37,Female,Low,Balanced,4.4,32,7.7,4.1,8.1,Moderate
38,Female,Moderate,Junk Food,4.9,34,2.1,9.7,6.2,High
27,Male,High,Vegan,6.5,58,4.6,1.9,8.5,Low
22,Female,Low,Balanced,8.0,51,5.9,7.6,3.4,Low
53,Other,Moderate,Balanced,4.7,22,6.2,2.0,2.9,Low
23,Male,Moderate,Balanced,7.1,49,3.1,3.5,9.3,Moderate
43,Other,High,Balanced,3.9,39,7.8,6.1,7.2,High
21,Other,Low,Keto,7.0,21,5.7,6.3,7.0,Moderate
56,Male,Moderate,Junk Food,7.6,44,3.0,8.0,5.2,High
56,Other,High,Junk Food,7.3,30,2.1,6.5,4.4,Moderate
52,Other,Moderate,Vegan,8.0,20,6.7,6.3,6.0,Low
18,Male,Low,Vegetarian,7.9,29,2.5,9.2,2.1,High
41,Other,High,Keto,9.3,36,2.8,5.1,5.1,Moderate
53,Female,Moderate,Vegan,6.7,49,5.4,3.0,5.1,High
23,Other,High,Vegan,9.3,54,5.6,2.5,5.8,High
58,Female,Low,Balanced,5.1,38,6.1,4.6,6.7,Moderate
63,Other,High,Vegetarian,6.2,53,4.4,7.4,9.6,Moderate
61,Male,Low,Vegetarian,6.3,51,6.6,1.4,6.9,High
48,Male,Moderate,Keto,4.9,31,7.8,2.2,9.0,High
37,Other,Low,Vegetarian,3.0,36,3.6,2.0,6.0,Low
41,Male,Moderate,Vegan,7.8,25,6.2,6.3,6.6,High
42,Other,Moderate,Vegetarian,5.1,32,7.6,3.2,1.6,Low
53,Male,Low,Vegetarian,5.9,58,6.1,2.5,2.2,Low
38,Female,Moderate,Junk Food,8.9,41,6.1,6.3,6.2,Low
47,Other,High,Vegan,7.4,30,3.3,7.9,4.6,High
41,Female,Moderate,Vegetarian,9.1,26,5.2,4.0,8.2,Low
61,Female,Low,Vegetarian,6.7,40,5.4,6.2,5.9,High
59,Other,High,Balanced,7.3,20,6.2,1.9,8.9,High
47,Female,High,Vegetarian,6.1,49,8.0,9.4,9.8,Moderate
39,Other,Moderate,Vegetarian,5.2,38,2.2,4.0,2.3,High
45,Female,Moderate,Junk Food,7.3,48,2.4,10.0,4.6,High
24,Other,Low,Vegan,5.8,54,2.5,9.8,7.0,Low
52,Other,High,Keto,7.5,39,6.5,8.0,3.7,High
45,Male,Low,Vegan,5.6,55,2.8,1.2,3.4,High
31,Other,Moderate,Balanced,6.2,58,5.7,5.9,8.3,Moderate
27,Other,High,Vegan,6.4,20,3.9,1.8,9.8,Moderate
33,Female,Low,Vegetarian,8.1,42,4.7,9.1,8.0,Low
33,Other,Low,Balanced,5.9,50,3.3,8.1,5.7,Low
48,Male,Low,Vegan,8.3,54,7.2,9.8,5.0,Moderate
59,Female,Low,Balanced,5.1,41,5.5,6.5,5.9,Moderate
42,Female,Low,Keto,6.9,26,7.7,5.7,5.2,High
30,Male,High,Vegan,5.5,52,5.4,5.7,5.5,Low
23,Female,Low,Vegetarian,8.2,55,2.7,4.5,2.8,Low
61,Female,High,Balanced,5.3,26,3.0,5.2,9.1,High
26,Female,Low,Junk Food,5.4,46,7.9,6.7,7.8,High
62,Female,Moderate,Balanced,4.6,21,6.4,9.4,7.1,Low
53,Male,Moderate,Junk Food,6.7,36,2.3,6.4,9.5,Moderate
60,Male,Low,Vegetarian,7.4,20,6.2,8.7,3.6,Moderate
37,Female,Moderate,Keto,7.2,49,4.5,8.8,1.7,High
35,Female,High,Junk Food,6.3,41,3.8,5.7,8.4,Low
60,Male,Low,Keto,5.5,47,2.9,4.1,10.0,High
38,Male,High,Balanced,6.1,52,7.0,6.8,6.2,Moderate
21,Male,Low,Vegetarian,6.1,45,2.4,5.0,1.5,Moderate
50,Female,Moderate,Junk Food,6.9,54,3.7,1.7,8.0,High
44,Female,High,Balanced,6.8,30,3.8,4.4,1.7,Moderate
24,Other,Moderate,Vegan,9.1,26,3.0,9.9,5.9,Low
23,Male,Moderate,Balanced,6.6,47,5.0,1.4,3.5,High
32,Female,Low,Keto,7.0,44,2.1,7.3,9.2,High
35,Male,High,Vegetarian,6.6,50,3.8,8.6,5.1,High
49,Female,Moderate,Vegetarian,6.0,22,7.6,6.8,9.1,Moderate
28,Male,Low,Balanced,7.0,52,3.9,6.1,3.7,Low
37,Female,Low,Vegan,5.9,53,4.2,7.4,4.5,High
41,Other,Low,Keto,6.4,40,4.8,4.9,9.5,High
32,Other,Moderate,Balanced,8.2,56,5.4,1.8,2.8,Moderate
24,Male,Low,Balanced,5.8,38,6.9,9.7,6.2,Low
38,Female,High,Vegetarian,7.1,56,3.1,4.9,4.5,High
59,Female,High,Keto,2.8,40,7.2,7.0,8.0,Moderate
43,Male,Moderate,Vegan,6.2,33,6.5,5.8,2.2,High
61,Female,High,Vegetarian,5.8,29,6.3,1.5,4.9,Moderate
31,Male,Low,Balanced,6.7,26,2.5,9.6,7.3,Low
54,Female,Moderate,Vegetarian,6.1,48,2.1,8.1,4.7,Moderate
38,Male,Low,Vegetarian,6.7,59,5.6,2.3,1.5,High
35,Female,Moderate,Junk Food,5.9,27,7.2,9.8,7.3,High
22,Male,Moderate,Vegetarian,7.1,58,5.5,7.6,5.5,Moderate
20,Female,Low,Vegetarian,3.9,32,3.3,5.3,1.1,Low
40,Other,High,Keto,6.7,38,2.5,6.5,6.5,Low
43,Female,High,Vegetarian,5.1,30,6.2,2.0,9.3,High
54,Male,Moderate,Vegan,8.3,21,6.3,6.0,2.0,High
41,Other,Low,Balanced,5.1,25,3.0,1.7,6.3,Moderate
36,Female,Low,Keto,8.0,48,2.2,5.9,7.6,Moderate
42,Other,Moderate,Vegetarian,6.5,24,4.4,6.0,1.6,Moderate
38,Female,High,Vegan,3.8,49,5.5,8.9,1.2,Low
29,Other,Low,Balanced,5.2,58,6.2,7.5,5.2,Low
58,Male,High,Keto,7.8,55,6.9,3.2,8.1,High
50,Female,High,Vegan,7.7,46,5.7,9.0,2.4,High
21,Female,Moderate,Vegetarian,4.6,37,2.7,6.2,8.5,High
59,Male,Moderate,Junk Food,8.8,55,6.1,6.5,6.9,Moderate
24,Other,High,Junk Food,6.5,35,7.9,2.5,4.0,Low
39,Male,Low,Keto,7.8,24,7.4,8.7,5.6,High
50,Male,Low,Vegan,4.7,28,7.2,9.4,9.7,High
34,Other,Moderate,Balanced,5.8,53,3.8,8.0,2.9,High
41,Male,High,Vegan,7.1,53,6.5,9.5,5.5,High
51,Female,Low,Junk Food,6.0,55,7.1,3.7,6.6,High
45,Female,Low,Keto,2.1,50,6.1,8.8,2.2,High
60,Female,Moderate,Vegetarian,6.2,39,3.5,5.4,1.4,Low
58,Male,High,Vegan,3.6,36,7.7,2.5,1.1,High
56,Female,Low,Junk Food,4.9,39,4.7,7.0,3.9,Low
39,Female,Moderate,Balanced,4.4,47,2.8,7.2,1.7,Moderate
34,Female,Low,Keto,8.2,40,2.7,3.6,8.2,Low
51,Female,Low,Vegetarian,8.7,38,5.9,1.2,10.0,Moderate
23,Female,Low,Vegan,7.0,22,4.6,2.8,1.6,Low
63,Female,Moderate,Balanced,6.2,49,2.6,4.6,4.9,Low
23,Male,High,Vegetarian,6.5,24,6.4,2.5,1.2,High
51,Female,Moderate,Junk Food,8.2,25,6.8,2.7,2.2,Low
18,Female,High,Junk Food,3.5,22,6.4,4.5,3.9,Low
27,Other,Low,Balanced,4.9,43,3.2,9.7,4.5,High
38,Male,High,Junk Food,8.0,20,6.1,7.9,9.5,Moderate
22,Male,Low,Keto,8.3,55,2.1,3.9,4.6,High
19,Male,Low,Balanced,7.4,34,3.8,9.6,5.5,High
39,Male,Moderate,Junk Food,4.9,57,4.4,6.8,3.2,High
19,Female,Low,Vegan,8.0,37,7.0,5.1,1.0,Moderate
27,Female,Moderate,Junk Food,8.5,42,4.3,5.2,9.1,Low
51,Other,High,Keto,7.6,48,2.1,4.7,1.7,Low
33,Other,High,Vegetarian,2.8,41,4.1,3.1,9.7,High
56,Male,Low,Vegetarian,6.7,43,5.0,4.5,2.2,High
39,Other,Moderate,Junk Food,7.4,32,7.7,5.8,6.4,Low
29,Other,Low,Vegetarian,5.7,52,7.6,5.8,10.0,Low
41,Male,Moderate,Junk Food,6.8,41,3.1,7.9,2.2,Low
64,Male,Moderate,Keto,5.7,54,3.1,4.2,4.8,Moderate
57,Other,Moderate,Vegetarian,5.2,36,3.0,7.5,8.0,Moderate
55,Female,High,Vegan,8.8,41,6.7,6.2,1.3,High
27,Other,Moderate,Junk Food,6.8,24,2.0,9.7,7.2,Moderate
52,Other,High,Vegetarian,4.8,44,2.8,4.5,1.7,High
49,Female,Moderate,Keto,4.4,25,5.2,9.1,3.1,Low
24,Female,High,Keto,5.2,36,3.5,8.4,2.4,Low
38,Male,High,Vegan,5.2,50,2.6,6.7,9.2,High
37,Male,High,Keto,6.7,36,4.2,6.9,2.6,Low
43,Other,Low,Keto,7.2,52,3.6,1.8,1.4,High
21,Female,Moderate,Vegetarian,7.2,58,5.1,9.6,6.3,High
63,Male,Low,Junk Food,5.4,56,7.9,2.0,4.1,High
39,Other,Moderate,Balanced,7.9,23,2.7,6.1,4.7,Moderate
32,Female,Moderate,Keto,8.3,33,4.2,4.0,2.1,High
57,Other,Low,Keto,6.1,32,7.6,4.9,7.7,High
38,Male,High,Balanced,5.0,46,7.3,6.5,6.4,High
32,Male,Moderate,Keto,6.7,43,4.4,9.2,4.3,Moderate
39,Female,High,Vegetarian,9.7,46,6.2,5.1,2.5,Low
45,Other,Low,Vegetarian,4.9,27,2.5,9.9,6.3,Moderate
31,Female,High,Balanced,5.7,58,6.3,6.3,8.0,High
44,Male,Moderate,Keto,6.6,40,7.8,2.4,3.8,Moderate
58,Male,Moderate,Keto,7.3,30,5.2,2.7,1.2,Low
57,Other,Moderate,Junk Food,3.5,50,5.0,7.4,2.9,Low
45,Other,Low,Keto,8.5,46,3.1,1.5,7.1,High
43,Other,Moderate,Vegetarian,8.4,46,5.8,5.3,9.9,Low
19,Female,Low,Vegan,5.9,27,5.5,2.3,1.1,Moderate
42,Other,High,Vegan,10.6,52,5.9,4.9,3.8,Moderate
20,Other,Moderate,Vegan,8.3,31,2.2,7.7,1.6,Low
25,Male,Moderate,Vegan,8.3,54,5.3,5.1,3.8,High
61,Male,Moderate,Keto,8.3,53,5.6,2.5,4.7,High
50,Other,High,Keto,8.2,35,3.2,3.3,9.3,Moderate
59,Other,Moderate,Junk Food,6.5,55,3.2,4.3,1.7,Low
52,Male,Low,Keto,6.3,21,3.7,1.6,8.0,Moderate
23,Other,High,Vegan,5.1,31,6.3,6.3,4.6,Moderate
56,Female,High,Balanced,5.6,46,5.6,6.5,8.3,Moderate
40,Female,High,Balanced,6.0,36,7.1,1.6,5.6,High
42,Female,High,Vegetarian,6.6,39,3.8,4.6,1.4,Low
60,Other,High,Vegetarian,8.9,40,7.5,4.7,9.5,Low
36,Male,Low,Keto,3.3,49,6.5,4.0,1.7,High
22,Other,High,Balanced,8.5,39,4.4,6.0,6.4,Moderate
28,Other,Moderate,Vegan,5.0,27,2.6,4.1,8.9,Moderate
29,Male,High,Vegan,6.3,37,3.5,4.7,1.7,High
27,Male,High,Vegan,5.4,37,7.7,8.2,6.0,Low
25,Male,High,Keto,9.3,37,3.9,2.5,8.4,High
41,Female,High,Keto,5.8,21,4.0,6.6,9.9,Low
45,Other,High,Junk Food,7.3,31,3.1,5.6,7.5,Low
58,Male,Low,Vegan,7.4,51,6.8,3.7,3.5,Low
53,Other,Low,Vegan,4.8,27,3.7,7.5,7.3,Moderate
54,Female,High,Keto,6.4,29,4.0,6.0,7.4,Moderate
38,Female,Low,Keto,8.3,30,4.5,5.3,7.3,High
25,Male,Moderate,Junk Food,5.2,33,4.6,7.0,8.7,High
26,Male,High,Junk Food,7.7,45,4.5,8.2,1.8,Moderate
64,Other,Moderate,Vegetarian,6.0,49,5.0,9.8,2.0,High
32,Male,Moderate,Balanced,8.2,23,6.9,6.7,6.8,Moderate
63,Other,High,Vegan,9.1,58,6.9,8.9,9.6,Moderate
57,Male,Moderate,Vegan,3.5,30,6.8,1.0,5.2,Low
35,Other,Moderate,Junk Food,4.5,43,2.6,5.8,9.6,Low
59,Other,Moderate,Junk Food,5.8,41,6.8,2.9,9.4,Moderate
37,Other,High,Vegetarian,8.7,22,2.7,1.8,9.1,Low
23,Other,High,Balanced,7.3,56,2.7,5.8,9.2,Moderate
29,Female,Moderate,Vegetarian,4.6,21,7.7,7.7,9.1,Low
19,Other,High,Balanced,7.5,31,6.9,4.7,8.4,High
24,Male,High,Vegan,5.1,40,5.3,7.0,7.3,High
33,Female,Moderate,Vegetarian,7.8,24,7.2,5.4,1.2,Moderate
20,Female,High,Junk Food,7.3,26,7.9,4.9,2.2,Moderate
62,Other,Low,Vegetarian,5.1,23,5.7,3.6,2.2,Low
20,Female,High,Vegetarian,6.4,55,5.7,4.4,1.2,Low
44,Other,Low,Vegan,8.3,41,6.5,4.1,2.1,Moderate
60,Male,Moderate,Junk Food,3.7,48,3.4,6.8,9.3,High
57,Other,High,Junk Food,7.0,28,3.0,2.0,7.0,High
55,Female,Moderate,Keto,4.8,45,6.6,1.8,3.8,Moderate
50,Male,Moderate,Keto,6.5,31,4.1,6.9,8.1,High
45,Other,Moderate,Keto,7.2,20,2.8,5.9,5.4,Moderate
18,Male,Moderate,Vegan,9.5,27,3.9,4.9,2.3,Low
25,Male,Moderate,Vegetarian,6.5,52,4.2,2.4,9.0,High
54,Female,High,Junk Food,8.7,23,7.8,4.7,4.0,High
49,Male,Low,Junk Food,5.2,33,6.2,8.1,7.3,Low
60,Female,High,Vegetarian,5.8,48,5.2,9.0,3.6,Low
54,Male,High,Junk Food,7.4,33,7.8,7.3,5.5,High
21,Other,High,Vegetarian,6.8,28,7.4,1.5,8.3,High
47,Male,High,Vegan,6.0,28,5.1,7.0,2.4,Moderate
23,Other,Low,Vegan,6.0,45,7.4,3.2,9.8,Moderate
63,Other,High,Vegan,8.5,36,4.4,3.8,1.6,High
36,Male,Moderate,Vegetarian,6.1,23,3.4,2.8,5.8,Moderate
49,Other,High,Vegetarian,5.0,22,3.4,8.0,9.2,Low
26,Male,High,Balanced,5.2,48,6.0,6.8,9.5,Moderate
29,Male,Low,Junk Food,7.5,44,5.0,6.5,3.1,Moderate
28,Other,Low,Junk Food,9.9,40,6.0,7.0,2.3,High
63,Other,Moderate,Balanced,5.7,31,6.1,3.1,7.5,Moderate
33,Female,High,Balanced,9.7,20,2.1,5.0,1.4,High
18,Other,High,Vegan,6.5,20,2.3,6.7,5.4,High
62,Female,High,Balanced,6.1,26,5.2,6.7,8.2,High
38,Other,Moderate,Vegetarian,5.1,29,3.1,8.1,6.0,Low
47,Male,Low,Keto,6.2,34,5.8,3.6,2.7,Moderate
30,Other,Moderate,Vegetarian,5.4,59,5.3,7.9,5.4,Moderate
51,Male,High,Balanced,5.2,30,5.5,5.0,9.3,Moderate
21,Male,Low,Junk Food,4.0,42,3.8,7.0,6.6,High
45,Male,Low,Vegetarian,9.1,32,5.8,5.1,7.5,Low
55,Female,Moderate,Junk Food,8.1,46,7.0,9.5,4.0,High
48,Other,Low,Vegetarian,6.9,36,8.0,2.6,2.7,Moderate
44,Male,Low,Junk Food,6.3,32,7.0,7.1,3.3,High
22,Male,High,Vegetarian,6.5,31,5.3,6.2,5.8,High
42,Female,High,Junk Food,5.3,48,3.2,2.6,3.5,Moderate
20,Other,Low,Keto,4.8,40,6.1,1.6,5.9,High
50,Other,Low,Vegan,7.6,39,7.6,8.2,7.4,High
21,Female,Moderate,Vegetarian,6.1,39,3.3,2.4,7.6,Low
42,Female,Moderate,Keto,7.0,50,3.5,2.7,2.5,High
37,Other,Low,Vegan,4.0,27,2.9,9.8,7.8,Low
51,Female,High,Vegetarian,6.0,43,6.4,7.5,7.1,Moderate
43,Other,Low,Keto,4.8,30,4.4,3.3,1.1,Low
22,Other,Low,Keto,7.2,58,2.4,6.3,1.5,High
52,Male,High,Keto,8.0,52,7.2,5.8,6.8,Moderate
45,Male,High,Balanced,8.7,34,5.3,8.6,4.5,High
46,Other,Moderate,Junk Food,5.6,23,4.0,7.6,2.3,High
26,Other,Moderate,Vegan,4.8,20,4.1,8.5,1.4,Low
55,Other,Moderate,Junk Food,5.9,51,3.7,2.9,2.4,High
23,Other,Moderate,Junk Food,5.5,30,4.7,6.8,9.6,Low
36,Other,High,Junk Food,7.1,49,4.0,1.4,7.5,Moderate
61,Other,Low,Keto,4.4,56,5.3,1.6,5.7,Moderate
28,Female,Moderate,Junk Food,3.9,38,6.6,7.4,9.5,High
19,Other,Moderate,Balanced,6.0,55,6.0,1.2,6.6,Low
64,Female,High,Vegetarian,7.6,53,3.8,6.2,7.5,High
61,Female,High,Keto,5.0,26,5.2,8.6,3.5,High
61,Other,Low,Vegan,7.8,39,7.0,4.4,6.3,High
26,Other,Low,Vegetarian,7.0,31,2.4,1.4,2.3,High
38,Female,High,Vegetarian,8.8,51,2.5,7.4,4.6,Low
41,Female,Moderate,Vegetarian,5.3,21,5.3,9.4,1.3,High
51,Other,Moderate,Junk Food,4.1,41,5.8,7.5,2.9,Moderate
39,Other,Moderate,Junk Food,7.4,59,3.3,6.2,1.7,Low
20,Female,Low,Keto,6.9,43,6.5,3.1,4.5,High
29,Female,Moderate,Junk Food,6.8,50,5.9,1.1,8.6,Low
45,Female,Moderate,Junk Food,4.9,23,7.5,7.3,4.4,High
47,Male,High,Junk Food,7.7,43,3.0,3.1,8.5,Moderate
43,Female,Moderate,Keto,5.5,36,6.5,8.7,6.9,Moderate
38,Male,High,Keto,6.8,59,2.5,5.2,5.6,Moderate
45,Other,Moderate,Balanced,5.8,38,5.4,5.8,3.1,Low
43,Other,Low,Balanced,7.0,59,5.3,7.8,9.3,Moderate
50,Female,Moderate,Balanced,4.7,57,4.3,8.0,1.5,High
38,Other,Moderate,Balanced,7.2,53,7.1,6.8,7.2,High
52,Other,High,Vegetarian,7.5,52,2.0,9.4,6.6,High
51,Other,High,Vegetarian,6.7,25,5.1,9.8,5.0,Low
58,Other,High,Balanced,9.0,55,3.3,9.5,3.2,Low
64,Male,Moderate,Balanced,6.8,32,6.5,8.4,4.9,Moderate
35,Male,Moderate,Vegan,7.9,28,2.3,7.4,8.9,Low
28,Female,Low,Vegetarian,6.6,54,7.0,7.0,8.5,High
40,Female,Moderate,Vegan,7.7,53,7.0,1.9,9.5,High
39,Female,Low,Vegan,4.2,35,7.0,3.4,3.8,High
34,Other,High,Junk Food,6.5,37,2.9,1.1,4.5,Low
22,Other,High,Keto,4.8,37,5.8,2.2,1.2,High
61,Male,High,Vegetarian,6.7,57,2.1,5.0,9.5,Moderate
28,Male,Low,Balanced,7.1,51,7.1,2.3,4.0,Low
47,Female,Moderate,Balanced,7.7,26,6.3,9.1,4.6,High
32,Male,High,Keto,7.2,42,5.2,8.3,9.2,High
44,Male,Moderate,Vegetarian,6.0,42,6.4,1.6,5.7,Low
52,Male,Moderate,Balanced,5.4,37,2.6,3.2,6.1,Low
50,Male,High,Balanced,3.0,26,5.2,8.4,2.6,Moderate
37,Male,Low,Junk Food,6.6,59,3.7,8.2,5.5,Low
33,Female,Moderate,Vegan,8.2,43,7.8,9.5,9.3,High
51,Female,High,Balanced,6.7,33,7.1,10.0,6.0,Moderate
19,Male,Moderate,Vegetarian,6.4,24,6.4,9.8,3.3,High
52,Female,Moderate,Keto,6.7,41,7.6,4.7,1.3,High
57,Other,Moderate,Junk Food,5.9,41,4.1,3.3,4.0,High
45,Male,Moderate,Vegetarian,6.8,29,7.4,7.8,6.2,Low
64,Other,Moderate,Junk Food,5.9,45,4.0,3.7,1.4,Low
56,Female,Low,Vegan,5.2,34,6.4,8.3,6.5,High
23,Female,Low,Balanced,6.4,57,6.4,5.8,5.7,Low
26,Other,High,Vegetarian,6.4,20,2.1,8.1,8.1,High
37,Female,Low,Keto,9.3,33,4.2,3.5,1.3,Low
18,Male,Low,Vegan,5.3,55,2.1,5.6,8.0,Low
25,Other,Low,Vegan,6.3,50,8.0,6.1,5.7,Low
40,Male,Moderate,Junk Food,6.1,47,2.7,9.5,4.3,Moderate
20,Other,Moderate,Vegan,5.8,53,5.3,3.4,9.7,Low
21,Female,High,Vegetarian,7.3,54,6.7,9.4,2.4,Moderate
42,Other,High,Junk Food,9.9,58,3.2,8.2,5.9,Moderate
64,Other,High,Vegan,6.0,42,4.9,7.6,3.9,Moderate
55,Male,Moderate,Keto,7.3,38,5.6,8.1,5.7,High
32,Female,Low,Vegetarian,3.6,37,3.0,6.4,6.0,Low
38,Male,Low,Keto,5.9,34,6.7,3.2,1.8,High
52,Female,Moderate,Keto,8.8,20,3.8,2.7,7.0,Moderate
63,Male,High,Junk Food,6.4,44,3.3,8.8,6.7,Low
31,Other,High,Balanced,7.3,45,5.3,7.5,7.9,High
53,Male,High,Junk Food,5.6,54,4.5,2.9,1.8,Moderate
29,Female,Moderate,Vegetarian,6.9,34,7.5,6.5,3.7,High
34,Female,High,Vegetarian,8.9,23,7.3,5.0,6.9,High
56,Other,High,Junk Food,4.8,34,4.9,2.4,2.2,Low
26,Female,Moderate,Balanced,9.8,57,4.2,5.8,7.1,Low
52,Male,Low,Junk Food,4.2,58,4.0,3.5,1.5,High
30,Other,Moderate,Vegetarian,5.8,20,3.6,1.9,4.0,Low
32,Female,Moderate,Balanced,5.2,41,5.3,5.2,8.6,Low
35,Female,Moderate,Vegetarian,6.1,30,6.8,6.3,8.0,High
50,Male,Moderate,Balanced,5.2,57,3.9,1.4,6.8,Low
23,Male,Low,Balanced,5.1,56,3.1,4.6,8.8,Low
44,Other,High,Junk Food,4.7,45,4.9,3.3,7.4,Moderate
40,Female,Moderate,Junk Food,7.5,46,2.4,1.3,5.7,Low
44,Male,Low,Junk Food,6.1,32,6.2,2.1,9.8,Moderate
51,Other,High,Balanced,5.8,26,5.1,2.3,7.3,High
63,Female,High,Balanced,6.9,27,5.0,2.6,6.4,Moderate
55,Female,High,Vegetarian,4.3,42,3.8,8.2,4.7,High
31,Other,Moderate,Keto,7.0,45,7.4,5.0,9.1,Low
53,Other,Moderate,Junk Food,6.4,46,2.5,2.3,3.7,Low
25,Male,High,Vegetarian,6.4,28,7.2,1.9,1.1,Moderate
52,Female,High,Vegetarian,7.3,57,4.3,3.7,2.8,High
36,Female,High,Vegan,9.0,32,7.3,8.2,2.0,Low
47,Female,High,Junk Food,7.0,26,6.4,4.3,3.9,Moderate
31,Other,High,Vegetarian,6.2,30,2.6,2.4,8.4,Moderate
37,Male,High,Vegan,4.7,29,7.0,4.6,6.9,Moderate
42,Female,Low,Junk Food,2.9,52,6.1,6.0,2.5,Low
57,Other,High,Balanced,6.7,58,2.2,1.3,8.1,High
41,Female,Moderate,Vegan,4.6,22,2.8,6.6,5.5,Low
31,Male,Moderate,Balanced,2.7,48,5.8,4.6,5.6,Low
43,Female,Moderate,Keto,6.0,56,6.0,1.1,4.3,High
55,Male,High,Keto,6.9,35,6.5,7.1,8.8,Moderate
40,Male,Moderate,Keto,7.6,35,6.3,7.4,3.9,Low
39,Female,Low,Keto,8.1,26,6.0,6.7,1.8,Moderate
36,Female,High,Vegetarian,7.8,34,6.6,4.1,3.7,Moderate
63,Male,Moderate,Keto,7.9,57,5.5,5.8,7.4,High
20,Other,Low,Vegetarian,4.3,25,3.6,4.5,6.9,High
59,Male,Low,Vegetarian,6.3,37,7.5,7.3,2.7,High
36,Female,Moderate,Junk Food,7.4,38,2.1,6.3,2.0,Moderate
26,Female,Low,Vegetarian,6.6,21,4.2,1.7,6.9,Moderate
45,Other,Moderate,Vegetarian,6.3,22,6.4,6.8,7.1,Low
37,Male,Low,Keto,6.5,44,4.6,7.2,4.3,Moderate
62,Male,High,Vegetarian,6.9,55,2.1,4.3,8.6,High
24,Male,High,Balanced,6.4,47,2.4,8.9,9.8,High
31,Female,High,Keto,5.2,57,5.9,8.6,2.9,High
26,Male,High,Vegan,3.9,47,7.8,2.6,6.2,High
36,Other,High,Keto,6.2,51,5.3,9.1,1.0,Moderate
64,Female,Moderate,Vegetarian,6.6,55,5.0,5.0,7.4,High
31,Female,High,Balanced,6.6,58,3.9,7.5,4.7,Low
55,Male,High,Keto,7.9,55,3.5,8.3,2.7,Moderate
53,Other,High,Balanced,8.2,42,2.1,5.5,7.8,High
57,Female,High,Vegan,6.3,21,3.6,4.6,8.3,Low
34,Female,Low,Vegan,6.4,29,4.7,9.2,2.0,High
47,Male,High,Junk Food,7.4,25,3.2,3.1,1.4,Moderate
26,Male,High,Junk Food,7.1,27,2.5,3.3,4.0,Moderate
50,Other,Moderate,Keto,5.8,34,6.3,4.3,6.6,Low
42,Male,Low,Junk Food,7.5,48,7.4,8.7,8.1,Moderate
31,Other,Moderate,Balanced,6.3,47,7.6,9.4,5.9,Low
28,Female,High,Junk Food,6.3,41,5.7,3.0,6.2,High
52,Other,Moderate,Balanced,7.2,53,2.3,8.8,8.2,Moderate
58,Other,Moderate,Junk Food,6.0,39,6.4,3.3,5.8,High
31,Other,High,Junk Food,6.6,52,2.7,9.7,6.5,High
47,Female,Low,Junk Food,6.9,34,6.0,6.4,5.6,Moderate
58,Male,Low,Vegetarian,7.7,26,6.7,1.1,8.9,High
21,Female,Moderate,Vegetarian,7.6,43,6.4,1.3,3.1,Low
21,Male,High,Junk Food,6.9,45,7.7,2.3,3.4,Low
45,Other,Moderate,Balanced,2.6,29,6.4,2.7,2.2,Low
25,Other,Moderate,Keto,6.9,34,6.2,7.9,8.4,Moderate
19,Other,Moderate,Vegan,7.1,56,3.6,3.0,4.7,High
58,Other,High,Vegetarian,7.4,43,7.5,9.7,4.1,High
63,Other,High,Junk Food,5.1,30,3.1,6.7,9.8,High
39,Male,Low,Vegan,3.3,59,7.4,7.2,9.3,High
58,Male,High,Vegetarian,7.7,40,3.9,3.0,9.7,Low
33,Other,Moderate,Keto,4.7,59,2.8,9.0,2.3,Moderate
46,Female,Moderate,Balanced,8.3,57,7.0,7.0,9.0,Low
47,Female,Low,Junk Food,5.6,34,2.0,8.8,4.0,Low
29,Other,High,Keto,5.0,34,7.0,9.6,1.1,Moderate
52,Male,Moderate,Vegetarian,7.0,56,3.6,2.1,4.5,Moderate
28,Female,Low,Junk Food,7.4,33,7.3,1.9,5.6,Low
63,Female,Low,Vegan,7.3,40,6.1,8.2,2.0,High
38,Female,Moderate,Balanced,7.3,39,6.0,8.8,5.8,Moderate
38,Other,Moderate,Vegetarian,5.4,52,4.2,6.3,8.4,Moderate
22,Female,High,Balanced,4.2,22,2.4,4.3,4.4,Low
37,Female,Low,Junk Food,5.9,59,7.0,6.9,4.2,High
54,Female,Moderate,Keto,4.8,42,3.0,3.8,4.0,Moderate
20,Female,Low,Balanced,7.1,42,4.2,3.1,9.3,Low
61,Male,High,Vegan,7.8,46,5.6,5.4,1.4,Moderate
50,Other,Moderate,Vegetarian,6.8,54,4.9,2.9,5.0,High
26,Other,High,Vegan,6.5,44,3.2,5.4,3.4,Low
26,Male,Low,Balanced,6.0,51,2.8,9.6,9.0,Low
21,Male,High,Keto,8.0,41,2.7,8.6,1.9,High
52,Other,High,Keto,3.8,27,7.2,9.5,4.7,Low
34,Female,Low,Vegan,4.7,57,2.2,8.3,4.7,High
51,Female,High,Junk Food,9.2,37,7.9,4.2,9.0,Low
41,Other,Low,Junk Food,4.6,47,3.2,8.3,2.9,High
49,Female,Moderate,Keto,7.3,47,2.7,9.3,6.8,Moderate
18,Male,Low,Vegan,7.6,30,5.5,9.5,2.2,Moderate
25,Female,Low,Vegan,3.6,31,2.5,7.1,9.6,Moderate
62,Female,Moderate,Vegan,3.9,21,5.6,2.9,6.3,Low
40,Female,Low,Balanced,8.4,56,7.1,1.4,6.6,High
64,Other,Moderate,Junk Food,5.0,23,2.3,2.3,4.9,High
57,Male,Moderate,Junk Food,5.1,53,6.8,9.7,4.1,Moderate
29,Female,Low,Balanced,5.7,42,4.4,5.2,2.9,Moderate
29,Other,High,Vegetarian,5.0,32,3.0,8.7,6.4,Moderate
63,Female,High,Balanced,7.3,26,3.1,5.2,9.6,High
64,Male,Moderate,Vegan,4.7,51,7.5,6.9,4.2,Moderate
32,Female,High,Balanced,3.6,42,2.7,1.2,8.9,Low
58,Male,High,Vegan,8.2,27,7.2,3.2,2.3,Moderate
36,Female,Low,Keto,4.8,56,5.3,4.9,9.4,Moderate
43,Male,Moderate,Vegan,5.4,53,2.2,6.7,4.2,High
46,Female,Moderate,Junk Food,7.7,48,4.8,2.5,4.4,Low
39,Male,Low,Balanced,6.6,56,6.9,7.9,5.2,High
57,Female,High,Vegan,8.2,42,6.4,4.3,7.5,Low
38,Female,Moderate,Vegetarian,7.8,57,4.9,8.4,7.5,Low
55,Other,High,Keto,5.8,48,7.2,1.9,5.3,Moderate
37,Other,Moderate,Vegetarian,8.0,24,2.7,7.1,5.7,Moderate
46,Male,Moderate,Vegetarian,6.8,59,7.5,3.6,1.3,High
21,Female,Moderate,Vegetarian,5.6,30,7.1,8.2,3.7,High
24,Male,Moderate,Keto,6.9,33,6.2,4.6,4.1,High
45,Other,High,Keto,4.5,21,6.9,7.0,6.0,Low
45,Male,High,Keto,7.8,54,5.3,9.4,6.0,High
21,Male,High,Keto,7.6,54,6.1,1.2,7.4,Low
39,Other,High,Vegetarian,6.7,47,5.4,1.1,7.5,Low
29,Female,Low,Junk Food,3.6,27,4.1,7.9,3.1,Low
62,Male,Moderate,Junk Food,8.2,51,5.4,6.8,7.9,Low
20,Other,Moderate,Keto,7.2,23,3.5,3.6,1.2,Low
39,Female,Moderate,Balanced,6.5,26,4.6,5.4,7.4,Moderate
61,Other,Low,Vegan,6.2,58,3.7,1.4,1.9,Low
19,Male,High,Balanced,5.7,46,2.7,2.7,7.6,Low
41,Female,Moderate,Balanced,6.0,56,3.9,4.8,5.7,Moderate
51,Female,High,Balanced,7.7,36,7.1,8.5,4.9,Moderate
44,Other,High,Junk Food,5.7,29,4.3,5.3,7.2,Moderate
58,Other,Low,Vegan,6.1,23,6.5,6.3,1.3,High
18,Other,Low,Balanced,6.3,42,3.1,8.9,3.0,High
25,Female,High,Keto,6.3,33,4.5,3.8,6.5,Low
40,Female,Moderate,Junk Food,5.6,24,2.7,7.3,8.6,Low
55,Male,Moderate,Keto,6.2,21,2.8,8.8,4.4,Low
23,Female,Low,Keto,7.0,43,5.7,2.8,3.3,Low
39,Male,Low,Balanced,5.1,37,5.6,4.2,5.7,Moderate
42,Other,Low,Keto,6.3,46,3.3,9.8,6.6,High
35,Other,Low,Vegan,9.4,43,4.8,9.8,4.8,Moderate
34,Female,Low,Keto,6.4,48,7.2,3.0,8.9,High
29,Other,Low,Balanced,5.1,30,3.0,1.6,5.7,Moderate
23,Other,Low,Keto,4.9,37,2.1,3.4,1.3,Low
43,Female,Moderate,Junk Food,4.6,23,5.9,4.6,3.0,High
44,Male,Low,Junk Food,8.9,52,2.3,5.0,5.1,Low
25,Female,Low,Junk Food,8.0,33,7.9,6.6,7.3,High
36,Male,Moderate,Vegetarian,4.6,51,5.7,9.1,3.0,High
59,Female,Moderate,Junk Food,6.8,23,4.8,4.0,9.8,Low
18,Female,High,Junk Food,8.3,39,4.6,8.6,3.9,Low
46,Other,Low,Vegetarian,6.4,40,5.4,1.8,5.8,Low
62,Female,Low,Junk Food,5.8,22,2.5,1.4,1.2,Moderate
52,Female,Low,Balanced,9.9,44,7.6,5.5,9.0,High
57,Male,Low,Junk Food,3.6,23,5.8,1.5,8.1,High
31,Other,High,Junk Food,10.4,30,3.1,4.5,2.8,High
52,Male,Moderate,Vegetarian,6.6,35,5.4,9.1,9.4,Low
62,Male,Moderate,Balanced,8.4,55,2.8,3.2,3.8,High
37,Other,Low,Keto,4.7,25,2.1,7.4,7.2,High
30,Other,Low,Vegan,5.4,50,5.8,3.7,8.4,Low
55,Other,Low,Balanced,4.9,59,5.9,1.4,7.7,Low
63,Female,High,Keto,6.3,32,5.5,6.0,9.3,High
25,Other,High,Balanced,7.0,42,3.1,8.5,8.8,Moderate
60,Other,Moderate,Keto,8.1,23,5.6,4.7,10.0,Low
37,Other,Low,Keto,3.9,56,2.3,6.6,2.6,Moderate
50,Male,Low,Balanced,6.7,56,5.7,9.1,3.7,Moderate
43,Male,Low,Vegetarian,7.8,52,5.3,8.1,6.7,Moderate
56,Female,Low,Balanced,8.1,48,5.9,2.7,7.6,Moderate
38,Male,High,Balanced,5.8,56,7.4,7.6,5.8,Low
59,Female,Moderate,Keto,5.9,38,7.1,5.5,1.7,High
60,Male,Moderate,Vegan,6.4,39,7.9,7.7,8.6,High
58,Other,High,Keto,6.8,51,7.9,5.5,9.6,Low
26,Male,Low,Junk Food,8.5,35,6.6,2.2,4.6,Low
41,Female,Moderate,Balanced,4.7,24,7.7,6.1,3.0,Moderate
54,Male,Moderate,Balanced,5.3,31,7.2,5.4,1.2,Moderate
58,Other,High,Vegetarian,4.5,40,6.4,5.7,3.1,Low
34,Female,Low,Keto,7.1,33,2.5,8.9,7.3,High
41,Other,Moderate,Vegetarian,8.2,56,2.3,9.1,9.2,Moderate
38,Other,Low,Balanced,4.4,41,7.0,5.1,1.8,Low
56,Female,Moderate,Keto,6.6,49,4.9,5.1,6.0,Low
58,Other,High,Keto,8.0,42,6.9,5.6,7.3,Low
56,Other,Low,Junk Food,7.7,24,3.9,5.7,3.5,Moderate
30,Male,High,Junk Food,7.7,48,4.4,9.6,6.1,Low
28,Other,Moderate,Vegan,4.7,49,6.2,6.8,7.4,High
63,Other,High,Junk Food,7.7,37,7.5,3.5,8.5,Low
36,Other,High,Keto,6.2,20,2.5,5.8,5.1,Moderate
28,Other,High,Junk Food,8.1,58,7.2,6.6,7.7,High
30,Female,Moderate,Vegan,7.2,36,6.8,6.8,3.7,High
63,Male,Low,Balanced,5.3,22,3.9,6.3,2.9,Low
62,Other,High,Junk Food,6.9,26,4.1,2.6,2.7,Low
18,Other,Low,Keto,7.7,46,2.3,1.3,4.2,High
57,Female,Moderate,Balanced,5.7,47,2.1,4.0,1.3,Low
61,Other,Low,Keto,6.7,50,4.9,4.8,3.5,Moderate
36,Female,High,Balanced,4.5,34,2.6,1.6,6.9,High
29,Male,High,Keto,7.3,27,3.2,8.3,6.8,Low
25,Male,High,Junk Food,6.4,25,7.1,4.1,1.7,High
25,Other,High,Junk Food,7.9,47,5.4,9.2,3.6,Low
62,Other,High,Vegan,7.3,23,5.8,2.4,6.1,Low
29,Other,High,Balanced,5.9,49,3.1,1.5,3.9,Moderate
50,Female,Moderate,Vegan,5.2,36,7.0,5.3,4.8,Low
62,Other,Moderate,Vegetarian,4.9,53,7.2,2.7,7.4,Low
43,Other,Moderate,Junk Food,5.7,25,5.1,9.4,1.1,Low
56,Male,Low,Balanced,7.8,55,7.5,1.1,3.5,Moderate
45,Other,Low,Vegan,3.9,54,7.1,4.7,2.3,Low
22,Male,Moderate,Vegan,4.9,58,6.4,9.3,2.1,Low
25,Other,Low,Vegetarian,7.8,58,6.4,4.5,9.6,Low
42,Male,Low,Vegan,8.5,35,2.6,1.8,4.4,High
44,Other,High,Keto,5.0,21,3.6,3.7,5.7,Moderate
63,Male,High,Junk Food,4.9,27,2.4,5.5,7.6,High
40,Female,Low,Vegan,8.6,34,2.1,2.7,1.4,Moderate
47,Male,Low,Vegan,6.3,46,2.9,5.2,3.2,Moderate
62,Male,Moderate,Vegetarian,5.2,35,7.3,8.5,8.5,High
64,Male,Low,Keto,8.1,20,3.4,8.9,8.8,Moderate
40,Other,High,Vegan,7.3,29,7.8,1.4,4.4,Moderate
64,Other,Low,Junk Food,7.6,26,5.6,2.4,4.4,High
37,Other,Moderate,Junk Food,5.2,29,3.4,3.5,7.8,Low
35,Female,High,Vegan,7.1,31,5.0,6.4,3.7,Moderate
35,Female,High,Keto,8.4,36,3.3,4.2,2.1,High
19,Male,High,Junk Food,7.5,31,7.9,8.6,3.3,Moderate
21,Female,High,Junk Food,7.9,34,7.1,7.5,4.5,High
47,Male,Low,Keto,8.6,51,2.2,1.9,1.5,Low
50,Male,Moderate,Keto,7.1,51,7.7,6.6,5.3,Moderate
53,Male,Low,Vegan,5.7,45,6.3,2.0,7.7,Low
35,Female,Low,Balanced,7.8,33,2.5,3.3,5.6,Low
54,Other,High,Vegetarian,4.8,45,6.0,2.6,1.6,High
36,Female,Moderate,Balanced,6.2,24,5.9,2.6,5.0,Moderate
64,Male,High,Balanced,7.4,57,3.3,6.5,7.4,Moderate
45,Male,Low,Junk Food,1.7,23,6.6,6.1,1.5,Moderate
57,Female,Low,Keto,6.9,47,2.5,2.6,1.5,Moderate
37,Male,High,Junk Food,6.9,20,4.9,9.9,4.3,Moderate
50,Male,Low,Vegetarian,4.8,32,2.1,4.8,2.8,High
29,Female,Low,Vegan,7.0,22,7.8,1.9,9.4,Moderate
32,Female,High,Vegetarian,6.8,44,6.5,2.1,6.2,Low
58,Female,Low,Junk Food,6.6,35,3.0,6.3,3.6,Low
56,Male,Moderate,Junk Food,8.3,40,4.1,9.8,7.3,Moderate
19,Male,High,Junk Food,7.8,32,3.0,6.1,4.4,High
46,Other,Moderate,Junk Food,7.5,55,6.6,9.5,2.2,High
58,Other,Low,Balanced,5.0,27,2.4,5.0,3.1,Moderate
27,Female,Low,Vegan,6.5,38,7.0,4.9,6.8,Low
19,Other,High,Balanced,8.3,35,7.7,5.5,1.5,Moderate
28,Male,Low,Junk Food,6.2,31,6.1,7.3,3.5,Moderate
30,Other,High,Keto,8.8,39,3.3,4.3,2.9,Moderate
27,Male,High,Balanced,7.5,37,4.2,8.8,2.8,High
31,Female,High,Junk Food,9.1,31,4.9,1.3,7.1,High
35,Female,High,Junk Food,4.9,44,5.6,5.0,8.4,Low
26,Male,High,Vegan,6.3,30,6.0,5.6,7.4,Low
56,Other,Moderate,Vegetarian,6.4,41,5.3,6.5,6.8,Moderate
45,Female,High,Balanced,7.4,53,4.1,3.5,9.2,Low
20,Female,Moderate,Balanced,5.4,32,7.3,4.8,1.5,Moderate
37,Other,Low,Balanced,4.1,57,2.5,5.4,2.5,Low
23,Other,High,Junk Food,7.1,31,4.8,7.2,4.7,Moderate
44,Male,Low,Vegan,6.0,58,6.7,8.0,4.4,High
19,Other,High,Junk Food,5.8,55,2.4,7.6,4.8,Moderate
46,Other,Moderate,Junk Food,5.5,47,6.2,4.1,2.9,High
55,Other,Moderate,Keto,6.7,46,6.9,10.0,2.3,High
20,Male,Moderate,Vegan,4.9,58,6.0,8.6,5.6,Low
33,Male,Low,Balanced,6.2,32,2.1,3.3,9.4,Low
47,Female,High,Vegetarian,5.3,59,3.1,2.8,4.5,High
57,Male,Low,Balanced,5.6,46,4.1,3.8,1.4,Moderate
19,Female,Moderate,Junk Food,7.0,50,3.4,5.1,7.4,Moderate
34,Other,Low,Vegan,7.5,21,7.8,8.7,3.6,Low
58,Female,Moderate,Vegan,6.0,37,5.9,8.0,3.2,Moderate
29,Female,Moderate,Vegan,8.0,45,3.8,8.7,3.9,Moderate
52,Other,Moderate,Keto,5.0,50,7.6,3.4,7.5,Moderate
60,Female,High,Balanced,4.2,57,6.4,6.3,8.4,High
18,Male,High,Keto,4.5,41,3.7,3.5,6.3,High
62,Male,Moderate,Vegetarian,4.9,55,4.3,2.0,3.9,Moderate
32,Male,Low,Junk Food,4.5,38,3.2,7.2,3.8,Low
43,Male,Low,Keto,9.5,33,7.8,2.3,2.1,Moderate
54,Female,High,Keto,4.2,33,5.1,7.0,9.4,Low
38,Female,Moderate,Junk Food,7.9,48,7.4,6.8,6.7,High
48,Other,Low,Vegan,6.5,36,4.1,8.3,1.2,Moderate
42,Female,Moderate,Junk Food,6.8,56,7.2,2.3,7.0,Moderate
40,Female,Low,Balanced,5.1,28,2.3,8.1,5.0,Low
41,Female,High,Junk Food,7.0,20,7.9,10.0,9.8,Low
55,Other,Moderate,Vegan,5.1,23,7.5,8.7,8.4,Moderate
45,Male,Moderate,Junk Food,7.9,26,4.2,7.8,2.5,Moderate
38,Female,Low,Keto,8.0,30,6.6,7.0,7.5,Low
60,Other,Low,Vegetarian,6.3,33,6.5,4.8,5.4,High
35,Other,Low,Keto,6.4,38,7.4,7.6,2.7,Low
53,Other,Moderate,Vegetarian,7.1,59,3.8,7.5,7.3,Moderate
52,Male,High,Junk Food,7.1,22,4.8,6.7,5.9,High
62,Female,High,Balanced,8.0,27,7.2,8.2,1.3,High
26,Other,Low,Junk Food,8.0,48,6.7,5.0,6.8,High
55,Male,High,Vegan,6.5,56,4.4,2.1,6.7,High
47,Other,Low,Junk Food,5.8,28,7.1,6.0,2.3,Moderate
61,Other,High,Vegetarian,7.7,38,2.3,3.4,4.1,High
51,Other,Moderate,Keto,6.3,31,6.7,4.5,6.3,Low
49,Other,Low,Balanced,6.7,46,3.2,1.2,2.2,Low
20,Other,High,Junk Food,7.3,56,3.7,4.4,8.7,Low
20,Male,Moderate,Junk Food,8.0,44,5.0,8.3,1.2,Moderate
45,Female,High,Keto,6.9,57,4.7,5.9,1.9,High
61,Female,Moderate,Balanced,5.6,36,5.1,1.1,2.0,Low
32,Female,Moderate,Junk Food,9.2,52,5.3,5.2,5.8,Low
58,Female,High,Junk Food,8.8,58,4.0,3.6,6.6,Low
40,Male,High,Vegetarian,5.0,33,3.1,5.3,4.6,High
57,Male,Moderate,Vegetarian,5.1,47,6.6,4.6,3.6,Low
28,Male,Moderate,Vegan,5.3,37,4.4,9.4,8.3,High
49,Other,Moderate,Keto,7.8,52,5.0,1.4,1.6,High
53,Other,Low,Balanced,9.3,34,5.9,7.2,3.5,High
50,Other,Moderate,Junk Food,5.7,30,7.5,8.7,1.4,Moderate
41,Female,Low,Junk Food,6.8,55,6.2,9.6,1.1,Moderate
56,Other,Moderate,Vegan,5.4,34,2.3,2.6,4.2,High
51,Female,Low,Junk Food,9.1,49,7.0,5.8,2.8,High
45,Other,Moderate,Keto,7.7,34,7.9,1.4,3.4,Moderate
54,Female,Moderate,Vegan,5.3,42,4.8,5.5,8.4,Moderate
24,Other,Moderate,Keto,3.3,34,7.8,2.1,2.5,High
21,Other,High,Vegan,8.1,48,5.3,8.5,8.0,Moderate
54,Male,High,Junk Food,5.6,30,4.8,2.0,7.1,Low
18,Other,Moderate,Vegan,7.8,37,4.0,5.6,3.9,High
18,Other,Low,Vegetarian,6.9,59,5.9,5.7,5.9,High
64,Male,Low,Balanced,3.7,50,3.4,9.7,5.0,Moderate
37,Female,Moderate,Junk Food,5.3,28,2.6,6.9,2.2,Low
36,Male,High,Balanced,6.0,41,2.2,3.6,9.2,Moderate
46,Male,Low,Junk Food,5.5,30,3.8,3.2,6.1,Low
27,Female,High,Balanced,6.7,36,4.4,2.2,8.9,Low
35,Other,Low,Vegetarian,7.1,52,5.3,7.8,8.4,High
45,Female,Moderate,Balanced,9.2,30,3.8,7.2,1.7,Low
52,Other,High,Vegan,7.2,58,7.9,6.5,2.9,High
60,Other,Low,Balanced,8.7,27,3.8,1.4,2.3,Low
64,Female,Moderate,Junk Food,5.8,23,4.6,7.9,8.5,High
48,Male,Moderate,Keto,8.2,55,2.6,6.8,8.8,Low
44,Female,Moderate,Balanced,5.9,38,3.6,9.7,5.8,Moderate
28,Other,High,Balanced,5.1,43,2.3,6.3,1.9,Low
55,Female,High,Balanced,5.1,37,5.4,3.7,2.2,Moderate
22,Female,Moderate,Junk Food,2.5,52,6.5,4.4,8.3,Low
25,Other,High,Balanced,7.8,55,3.2,2.6,9.4,Low
51,Male,Low,Junk Food,4.6,29,4.2,7.5,2.8,High
29,Female,Moderate,Junk Food,8.6,33,2.1,7.4,1.1,Low
55,Other,Moderate,Keto,6.2,26,7.0,2.8,4.0,Low
18,Other,High,Vegan,4.2,31,6.7,2.4,1.3,Low
48,Female,Moderate,Junk Food,4.8,41,2.4,1.7,8.5,Moderate
21,Male,Low,Vegetarian,6.8,46,4.2,9.2,5.4,High
62,Female,High,Balanced,3.7,56,7.7,3.1,6.8,High
22,Male,High,Vegetarian,7.4,30,4.4,4.1,4.7,Low
47,Male,Moderate,Balanced,4.2,55,5.2,3.5,4.1,Low
41,Male,Moderate,Keto,5.4,32,4.1,4.7,3.0,Moderate
20,Male,Moderate,Junk Food,6.8,51,5.6,7.4,7.9,Low
28,Female,High,Vegan,7.2,27,7.9,8.8,7.3,High
62,Other,Moderate,Junk Food,7.7,26,8.0,2.6,4.2,High
21,Other,Low,Balanced,4.5,36,6.6,7.2,3.9,Moderate
43,Other,Moderate,Vegan,6.0,41,4.4,4.2,1.0,Moderate
44,Other,Moderate,Junk Food,8.1,53,5.0,9.8,1.6,High
63,Other,High,Vegan,6.0,39,4.1,3.7,6.6,Moderate
60,Other,Moderate,Balanced,6.9,27,7.9,1.1,5.6,Low
44,Female,High,Keto,6.7,41,6.2,5.6,4.9,Low
59,Male,Moderate,Keto,8.5,46,4.7,2.4,8.4,Moderate
23,Other,Low,Junk Food,5.8,53,2.1,1.4,5.5,High
32,Female,Low,Vegetarian,4.4,40,5.1,7.3,4.5,Moderate
47,Other,High,Balanced,5.0,34,7.9,7.6,2.5,High
59,Other,High,Junk Food,6.8,24,5.1,5.1,8.4,Moderate
54,Male,Moderate,Junk Food,4.1,57,3.1,7.1,6.2,Moderate
54,Male,Moderate,Keto,5.7,36,2.1,5.8,1.8,Moderate
59,Male,Low,Vegan,6.6,27,4.1,6.7,6.8,Low
54,Other,Moderate,Balanced,5.4,38,7.5,6.4,4.8,Low
52,Other,Low,Vegan,7.0,24,8.0,7.0,8.3,High
40,Other,High,Balanced,7.6,42,7.7,2.8,9.3,Moderate
23,Male,Moderate,Vegetarian,7.2,38,6.4,3.4,6.4,Low
21,Female,High,Keto,4.2,33,5.3,5.0,7.6,Moderate
35,Other,Moderate,Vegetarian,6.6,29,5.5,5.0,1.5,High
26,Other,Low,Junk Food,6.7,50,5.2,8.0,6.0,Low
46,Other,High,Keto,5.9,32,6.2,4.3,7.8,High
30,Female,High,Junk Food,7.0,41,4.5,2.5,5.5,Low
64,Other,Moderate,Vegetarian,6.9,56,6.0,3.3,6.3,Moderate
34,Female,High,Balanced,6.4,58,2.7,2.9,9.1,High
62,Other,Low,Junk Food,5.0,29,3.6,7.6,2.8,Low
49,Female,High,Vegan,6.5,50,7.0,5.2,1.9,Low
39,Other,High,Balanced,9.3,54,7.4,7.4,7.2,Moderate
21,Male,Moderate,Balanced,5.9,32,5.2,4.7,8.4,High
22,Male,High,Vegetarian,8.1,49,2.2,9.0,8.7,High
54,Male,Moderate,Vegetarian,6.6,53,7.6,9.9,6.8,High
58,Male,Moderate,Keto,5.3,55,6.2,7.0,8.5,Moderate
30,Other,High,Keto,6.1,54,4.5,8.8,7.3,Low
51,Male,Low,Vegan,6.5,23,5.6,5.6,1.8,Low
62,Female,Moderate,Balanced,7.5,23,4.6,9.4,7.9,High
39,Male,High,Vegan,10.1,25,4.8,8.5,2.6,Low
40,Male,Moderate,Vegan,6.6,47,7.3,9.9,3.1,High
20,Male,Low,Vegetarian,4.7,49,3.0,6.6,4.6,Moderate
59,Other,Low,Vegan,4.0,46,2.6,8.0,3.8,Moderate
51,Male,Moderate,Vegan,5.9,24,2.0,5.9,3.9,Moderate
49,Female,Low,Junk Food,4.8,58,3.9,3.3,2.5,High
62,Male,High,Keto,7.3,54,2.9,4.2,3.6,Low
38,Male,High,Keto,7.3,58,3.3,9.0,1.2,Moderate
63,Male,Moderate,Balanced,6.3,34,2.1,1.5,5.3,High
61,Female,Low,Keto,7.5,38,3.4,6.3,7.9,High
38,Male,High,Balanced,6.6,49,4.0,4.4,8.8,Moderate
61,Female,High,Junk Food,9.3,57,2.2,4.5,8.4,Moderate
28,Female,High,Keto,7.4,51,5.6,9.0,4.7,Moderate
56,Male,Moderate,Junk Food,7.8,59,5.4,8.7,7.6,Low
21,Female,Moderate,Keto,4.3,48,2.6,6.4,3.6,Low
18,Other,High,Keto,4.7,25,5.6,3.5,1.5,High
45,Male,High,Junk Food,7.2,45,8.0,5.3,7.1,Moderate
41,Male,Low,Vegan,4.2,46,7.7,4.7,6.8,Moderate
52,Female,Low,Vegan,5.6,54,2.0,4.2,8.2,Low
30,Female,Low,Vegan,8.3,47,6.8,1.9,6.5,Moderate
64,Male,Moderate,Vegan,5.5,24,4.1,5.9,2.4,High
51,Other,High,Keto,4.7,35,2.4,3.7,8.7,Moderate
28,Female,Moderate,Vegetarian,7.5,37,3.8,6.9,6.6,Low
53,Female,High,Junk Food,9.6,32,3.9,3.9,8.3,High
34,Other,Low,Vegetarian,5.3,44,5.1,4.9,8.0,High
52,Other,Low,Vegetarian,8.3,29,6.0,1.5,3.7,Moderate
35,Male,Low,Balanced,5.1,48,6.5,9.9,1.7,High
57,Other,Low,Vegan,6.3,29,3.5,5.6,2.6,Moderate
39,Male,High,Keto,6.4,25,3.9,1.2,1.8,Moderate
41,Other,Low,Vegan,5.3,35,3.9,5.9,3.2,Low
36,Female,High,Vegan,7.8,44,4.2,8.8,5.1,High
54,Male,High,Vegetarian,4.2,23,8.0,8.0,9.2,Moderate
56,Male,Moderate,Balanced,6.8,56,6.7,7.3,8.8,Moderate
38,Male,Low,Vegan,8.1,53,7.8,2.3,7.5,Moderate
25,Other,Low,Junk Food,7.7,38,6.2,6.9,1.2,High
45,Female,Moderate,Junk Food,7.2,52,4.4,7.9,4.1,High
22,Male,High,Vegan,8.9,23,4.3,6.2,7.1,High
34,Male,Low,Vegetarian,6.2,53,4.9,9.0,2.2,Moderate
54,Male,High,Vegetarian,4.2,31,4.5,3.5,8.2,High
53,Male,Moderate,Keto,6.7,50,7.0,3.2,9.2,Moderate
36,Female,High,Balanced,6.3,35,4.8,8.8,4.2,High
44,Other,Low,Vegetarian,3.3,21,3.8,6.6,7.4,High
51,Female,High,Keto,4.8,21,6.6,1.0,2.3,Moderate
28,Male,High,Junk Food,4.6,55,7.1,4.2,7.2,High
62,Female,Low,Junk Food,5.3,25,4.5,8.7,1.2,Moderate
64,Male,Low,Junk Food,6.0,42,6.0,1.2,2.4,High
29,Other,High,Vegan,6.0,58,2.4,1.0,7.4,High
38,Other,High,Balanced,5.3,56,5.2,3.5,7.4,High
28,Other,Moderate,Keto,4.6,35,2.3,9.2,6.8,High
56,Male,Low,Balanced,7.1,38,2.2,9.1,5.3,Low
45,Female,High,Vegan,6.7,43,5.7,5.7,7.1,Moderate
22,Other,Low,Keto,6.7,46,3.8,6.0,8.0,Low
34,Male,Moderate,Keto,9.2,26,6.5,4.0,9.7,High
37,Male,High,Vegetarian,6.7,49,7.4,3.2,9.0,High
58,Female,High,Balanced,6.0,33,2.8,8.3,8.2,Moderate
63,Other,High,Balanced,6.3,34,6.3,2.0,7.3,Moderate
29,Male,Low,Vegetarian,6.6,31,5.1,5.4,6.2,Moderate
23,Female,Moderate,Junk Food,7.4,48,2.7,6.7,2.1,Moderate
34,Other,Low,Vegan,6.4,42,5.9,1.9,2.5,High
36,Female,High,Balanced,3.6,32,5.7,5.7,8.4,Moderate
43,Female,Moderate,Vegetarian,5.8,28,5.1,6.2,8.2,Low
61,Male,High,Keto,6.5,43,7.6,7.7,6.5,Moderate
61,Male,High,Vegetarian,8.5,58,5.1,3.1,4.9,Moderate
49,Male,Low,Junk Food,5.3,49,7.9,3.6,1.2,Low
23,Female,High,Vegan,4.0,20,5.1,6.1,3.9,Low
53,Male,Moderate,Junk Food,6.6,29,2.7,9.8,4.8,Low
55,Female,High,Keto,7.8,57,4.8,3.0,5.4,Low
28,Female,High,Keto,5.9,34,3.1,9.9,9.4,Moderate
50,Male,Low,Keto,10.1,28,5.6,7.4,2.0,Low
41,Other,Moderate,Keto,9.7,32,6.2,8.4,5.7,High
40,Other,Low,Vegetarian,6.4,42,4.8,1.8,4.3,Moderate
32,Other,High,Keto,6.8,52,2.6,3.7,9.9,High
44,Female,Low,Keto,8.6,28,4.8,1.5,8.8,Moderate
28,Female,Low,Vegetarian,6.4,22,2.5,4.3,4.9,Moderate
34,Female,Low,Keto,5.3,49,6.1,9.8,10.0,High
31,Male,Low,Junk Food,7.8,28,6.7,1.9,5.6,Low
44,Female,High,Junk Food,7.2,44,7.8,6.1,2.5,Low
35,Male,High,Balanced,5.3,43,2.9,1.1,6.0,High
45,Male,Moderate,Junk Food,6.9,51,5.2,7.4,3.0,Low
64,Other,Low,Vegan,6.3,26,5.4,2.8,6.7,Moderate
64,Other,Low,Vegan,5.9,55,7.5,2.2,9.4,Moderate
21,Other,Moderate,Vegan,5.3,44,5.8,4.0,8.1,Moderate
24,Male,Low,Vegetarian,6.7,39,2.9,7.9,3.5,Low
62,Male,Moderate,Junk Food,6.1,36,4.6,2.0,3.7,Low
52,Male,High,Vegan,6.9,55,5.9,3.1,1.6,High
26,Female,Moderate,Balanced,7.7,45,6.2,1.1,3.6,Moderate
25,Male,Low,Vegetarian,6.8,38,7.2,9.7,1.8,High
62,Other,Moderate,Balanced,6.9,56,3.1,6.3,5.5,Low
34,Other,High,Junk Food,5.7,22,7.7,7.5,7.4,High
34,Male,Low,Keto,8.3,47,2.4,6.9,7.8,Low
50,Male,High,Balanced,5.2,41,7.9,2.3,1.5,Moderate
49,Other,High,Keto,4.1,38,7.1,6.4,4.1,Moderate
25,Male,Moderate,Vegetarian,4.9,35,6.0,2.2,3.6,Low
36,Other,High,Balanced,8.1,25,6.4,4.6,1.9,Low
55,Female,Low,Balanced,7.2,56,2.4,6.1,4.3,Low
20,Other,High,Vegetarian,8.5,50,2.2,6.0,3.7,Moderate
22,Female,High,Vegetarian,4.5,53,2.6,2.1,6.7,Low
30,Male,Moderate,Vegan,10.0,50,2.5,1.3,8.9,Moderate
64,Male,High,Junk Food,6.1,30,5.3,8.2,5.1,High
63,Female,Moderate,Balanced,3.9,55,3.3,7.5,7.7,Moderate
48,Male,Moderate,Balanced,9.8,25,7.2,1.7,2.3,High
33,Female,Low,Vegetarian,4.5,46,4.7,2.1,9.1,Moderate
49,Male,Low,Vegetarian,5.9,26,6.2,9.0,2.4,Moderate
39,Other,Low,Junk Food,6.2,51,5.9,7.9,2.7,Low
46,Male,Low,Vegetarian,7.2,27,3.9,10.0,2.0,Moderate
39,Other,Moderate,Keto,5.3,52,3.5,3.3,3.8,Low
60,Other,High,Keto,8.1,34,4.1,5.4,6.0,Low
20,Female,Low,Keto,7.6,46,6.8,3.1,9.9,Low
27,Male,Low,Keto,6.5,49,5.5,6.6,8.1,Moderate
59,Female,Low,Junk Food,8.5,41,3.5,2.0,4.4,Low
38,Male,High,Balanced,6.4,48,6.9,2.1,6.2,High
33,Other,Low,Keto,6.1,49,2.3,1.6,6.6,High
29,Other,High,Vegetarian,9.5,21,6.2,7.2,8.4,Moderate
19,Male,Moderate,Keto,6.9,34,4.6,5.4,7.6,Low
58,Male,Moderate,Junk Food,5.0,46,6.4,6.6,6.1,High
41,Female,Moderate,Vegetarian,5.2,26,7.6,8.9,7.0,Moderate
52,Male,High,Keto,6.5,46,6.5,7.7,7.7,Moderate
47,Male,Low,Balanced,2.9,40,4.7,5.2,2.2,Moderate
47,Male,Low,Vegetarian,5.6,32,2.9,9.9,2.8,Moderate
64,Female,Low,Vegetarian,6.3,36,6.8,5.1,7.2,Moderate
52,Male,Low,Balanced,6.2,30,4.8,2.0,8.7,Low
36,Other,Low,Vegetarian,4.6,29,2.5,9.9,4.7,Low
25,Female,High,Keto,5.8,52,6.3,1.2,9.8,Low
43,Female,Moderate,Vegetarian,8.3,33,3.8,5.9,2.9,Low
57,Other,Low,Keto,8.0,56,2.3,3.8,4.8,Moderate
24,Other,Moderate,Balanced,6.6,27,7.4,5.5,4.4,Moderate
47,Other,High,Vegan,6.4,52,4.9,6.0,9.4,High
24,Male,High,Balanced,6.3,26,3.7,3.2,3.6,High
20,Other,Low,Keto,6.9,53,6.3,6.0,5.2,Low
18,Male,High,Junk Food,6.7,26,7.3,7.8,2.7,Moderate
53,Female,Moderate,Balanced,7.0,26,2.0,3.4,5.7,High
42,Female,Low,Junk Food,7.3,55,6.1,4.5,8.7,High
54,Other,Low,Junk Food,4.7,26,6.6,3.4,3.7,High
18,Male,Moderate,Keto,6.0,39,3.3,8.4,8.3,High
32,Other,Low,Keto,6.8,37,4.9,7.5,9.2,Low
54,Other,Low,Vegan,5.1,33,2.5,8.8,1.7,Moderate
30,Male,Moderate,Vegetarian,5.5,59,6.5,2.5,7.8,Low
57,Other,Low,Balanced,6.2,33,7.1,1.7,3.3,High
25,Female,Low,Keto,6.2,40,2.6,2.1,2.6,High
22,Other,Moderate,Balanced,6.8,46,6.9,2.4,6.4,Moderate
26,Male,High,Junk Food,5.2,45,6.6,5.8,7.4,Moderate
18,Male,Moderate,Vegetarian,8.0,46,4.1,9.7,4.6,Low
53,Female,Low,Vegan,6.2,43,6.1,4.2,1.4,Moderate
52,Male,Moderate,Balanced,6.7,24,2.0,9.6,9.2,Low
19,Male,Low,Vegetarian,5.9,57,7.6,1.3,7.6,Low
57,Female,Low,Vegan,6.9,47,5.3,9.3,3.4,High
40,Other,Moderate,Balanced,9.0,51,5.7,2.6,5.5,Low
26,Female,Low,Vegetarian,5.9,43,6.0,9.2,1.3,High
51,Other,High,Keto,5.7,25,5.4,1.5,4.1,Low
63,Female,Low,Balanced,5.3,29,7.1,9.5,5.7,Low
31,Other,Moderate,Vegetarian,6.4,22,5.7,2.8,5.7,Moderate
21,Female,High,Vegan,6.4,26,7.4,3.7,2.9,Moderate
47,Other,High,Vegetarian,6.6,48,5.5,5.4,8.0,High
48,Female,Low,Keto,7.2,53,3.0,4.4,3.7,Moderate
55,Other,Moderate,Balanced,7.0,26,7.5,7.0,6.2,Low
28,Female,Low,Balanced,6.5,36,6.1,9.8,3.4,High
52,Male,Low,Balanced,9.4,32,6.2,6.5,4.8,High
25,Other,Moderate,Keto,7.5,40,7.9,7.5,2.9,High
20,Female,Moderate,Vegan,4.9,50,2.5,1.8,6.7,Low
31,Other,Low,Balanced,4.2,28,4.6,6.7,4.8,Moderate
30,Other,High,Vegan,5.5,32,3.4,5.1,1.1,High
62,Female,Low,Vegetarian,6.7,36,5.8,9.0,1.3,Low
49,Other,High,Vegan,5.3,27,6.8,4.5,5.2,Moderate
51,Female,Low,Vegan,5.6,28,7.8,7.1,2.6,Moderate
62,Male,Moderate,Balanced,6.5,28,4.7,3.1,6.3,High
36,Other,High,Junk Food,6.0,59,6.7,3.3,4.7,Low
55,Male,Moderate,Junk Food,3.4,49,7.5,4.4,6.9,Moderate
33,Other,Moderate,Keto,8.1,26,6.1,3.7,9.6,Low
19,Other,Moderate,Keto,7.8,36,3.5,3.3,5.8,Moderate
57,Other,Moderate,Junk Food,4.6,58,5.6,1.4,8.1,High
34,Female,Moderate,Vegetarian,6.6,57,7.8,8.5,7.8,High
51,Male,Low,Balanced,4.8,24,7.9,1.6,9.3,Moderate
59,Other,High,Balanced,5.6,36,5.9,9.0,2.9,Low
33,Female,Low,Vegetarian,7.2,59,7.3,2.1,8.4,Moderate
55,Other,Low,Vegetarian,7.7,20,3.2,1.6,9.1,Low
19,Female,Low,Junk Food,7.7,35,3.5,6.1,4.5,Moderate
19,Other,Moderate,Keto,6.9,36,7.7,5.5,3.8,High
43,Male,Low,Vegetarian,8.4,49,2.8,5.4,9.6,Low
30,Male,High,Keto,5.6,50,3.1,6.2,6.6,High
64,Other,Low,Vegan,5.9,54,4.5,3.6,4.4,Low
48,Female,Moderate,Balanced,2.6,27,5.5,7.0,8.1,Moderate
51,Other,High,Junk Food,6.4,49,5.6,5.5,3.7,High
56,Female,High,Balanced,7.4,58,3.8,4.0,2.6,High
20,Other,High,Junk Food,6.9,40,7.5,8.4,5.9,Low
25,Female,High,Vegan,5.6,34,7.5,7.5,6.1,Low
40,Male,Low,Balanced,7.8,53,4.4,4.5,8.4,Low
31,Other,Moderate,Vegan,6.4,46,4.6,8.6,5.1,High
44,Male,High,Junk Food,7.6,21,6.2,9.3,8.3,Moderate
46,Male,High,Vegetarian,7.2,29,6.0,5.8,3.8,Low
56,Other,Moderate,Balanced,8.6,24,4.3,2.9,6.2,Moderate
56,Other,Low,Vegan,7.0,46,4.5,9.2,2.9,Low
18,Female,High,Balanced,7.4,23,4.1,2.7,4.5,Moderate
34,Female,Low,Balanced,6.4,32,3.4,1.4,8.7,Low
58,Male,Low,Balanced,5.7,36,4.7,3.9,2.9,Moderate
47,Female,Low,Keto,7.2,40,6.1,7.5,8.3,High
30,Female,Low,Vegan,8.8,42,6.5,9.3,3.5,Low
38,Other,High,Vegan,5.6,52,6.7,6.7,1.3,Low
36,Female,High,Balanced,6.1,34,4.2,9.6,2.0,High
36,Male,Low,Vegetarian,6.5,33,6.6,1.8,7.7,Low
42,Female,Low,Balanced,7.5,28,2.0,1.5,3.4,Low
39,Male,Moderate,Keto,7.0,56,4.9,6.4,6.9,High
48,Other,Moderate,Junk Food,7.9,49,6.8,9.7,7.3,High
34,Male,Moderate,Keto,9.5,48,5.8,5.5,4.1,Moderate
40,Female,High,Vegetarian,5.5,42,4.8,1.5,5.3,High
49,Other,Moderate,Balanced,7.4,53,5.9,3.0,4.6,High
27,Female,High,Vegan,7.0,26,7.4,3.2,9.5,Low
27,Other,High,Balanced,6.5,28,5.4,4.0,3.9,High
53,Other,High,Vegetarian,7.4,23,6.8,1.4,2.6,Low
25,Female,High,Vegan,6.1,21,7.9,9.1,4.3,High
37,Female,Moderate,Keto,7.0,46,6.2,5.6,7.0,High
49,Other,Low,Junk Food,4.5,52,5.4,7.0,7.3,Moderate
31,Other,Low,Junk Food,5.7,51,2.2,1.6,9.3,High
45,Female,Low,Balanced,8.1,56,4.2,1.5,8.9,High
63,Male,Moderate,Keto,8.0,46,5.4,6.3,3.6,Low
41,Female,Low,Vegetarian,6.9,47,6.8,9.0,5.1,Low
32,Other,Moderate,Junk Food,5.8,22,4.6,5.8,7.7,Moderate
39,Female,Moderate,Keto,7.7,55,7.8,8.9,9.2,High
47,Male,Moderate,Balanced,8.4,27,3.6,8.3,4.0,Low
21,Female,Low,Vegan,5.9,56,6.5,1.7,5.0,High
30,Other,Low,Balanced,4.3,57,4.5,2.8,9.1,Moderate
40,Female,Low,Balanced,7.2,41,4.9,6.9,4.2,Low
25,Other,High,Keto,7.9,33,6.8,5.0,5.3,Low
35,Other,Moderate,Junk Food,7.4,34,3.8,3.6,9.1,Moderate
29,Female,High,Keto,8.8,23,2.6,4.8,8.2,High
48,Other,Moderate,Vegan,8.9,37,5.1,5.0,3.2,Low
31,Other,Low,Keto,6.0,20,5.2,9.2,3.9,Low
51,Male,Moderate,Vegetarian,6.8,31,6.8,1.9,4.2,Moderate
35,Male,Moderate,Balanced,5.8,36,7.8,3.5,9.2,Moderate
51,Male,High,Junk Food,5.0,38,2.3,5.8,10.0,Moderate
28,Male,Moderate,Vegan,5.1,55,5.6,7.3,8.0,High
58,Other,Low,Balanced,7.6,26,6.1,6.7,5.4,High
29,Female,Moderate,Keto,7.0,28,7.9,9.5,1.1,High
32,Other,Moderate,Vegetarian,7.8,27,7.7,8.2,7.3,Moderate
48,Other,Moderate,Keto,10.3,44,6.3,6.0,4.5,Low
46,Other,High,Balanced,7.2,26,5.1,2.9,6.7,High
43,Female,Moderate,Vegan,5.3,27,3.0,5.1,6.5,Moderate
35,Male,Moderate,Junk Food,8.1,43,4.3,7.2,5.3,High
49,Other,High,Balanced,5.3,36,5.5,8.5,9.5,Low
39,Other,High,Vegan,9.1,31,6.4,9.6,1.2,Low
55,Male,High,Balanced,3.5,50,5.8,6.4,7.4,Moderate
34,Other,High,Vegetarian,5.7,31,6.3,5.7,4.7,Low
40,Female,Low,Keto,7.4,21,4.6,1.2,7.4,Moderate
41,Other,Low,Junk Food,8.3,31,6.4,1.6,7.1,Moderate
25,Other,Moderate,Vegan,5.5,46,2.9,2.4,1.1,Moderate
58,Male,Low,Junk Food,5.2,26,3.0,1.5,3.6,Moderate
23,Other,Moderate,Junk Food,6.7,32,3.0,4.6,2.7,Low
22,Other,Low,Junk Food,9.4,55,7.3,4.0,2.5,Low
61,Female,High,Vegan,4.2,20,2.5,6.7,7.6,Low
46,Male,High,Vegan,6.0,54,6.8,5.8,3.2,Low
45,Male,Low,Junk Food,6.9,49,3.4,6.4,5.3,Moderate
28,Female,Low,Keto,5.3,50,4.8,5.2,3.2,Moderate
18,Other,Moderate,Balanced,5.3,36,7.5,3.5,6.2,Low
60,Male,Moderate,Junk Food,6.1,27,5.5,9.6,7.5,High
36,Male,Moderate,Vegetarian,6.9,22,3.3,1.8,4.0,High
26,Other,High,Junk Food,6.2,29,3.7,9.5,6.4,High
44,Other,High,Vegan,8.7,53,7.5,3.8,8.4,Low
51,Male,High,Balanced,7.4,41,4.6,5.6,1.8,Moderate
61,Other,High,Vegetarian,7.1,23,5.5,2.0,7.4,Moderate
21,Male,Moderate,Balanced,8.0,51,4.8,1.6,3.9,High
53,Other,High,Balanced,7.1,48,4.3,4.9,2.1,High
35,Other,High,Vegetarian,5.8,30,3.3,7.7,5.9,Moderate
32,Female,High,Junk Food,6.1,32,6.1,3.4,3.0,High
30,Other,High,Junk Food,4.8,23,6.3,6.1,8.4,High
36,Female,Low,Junk Food,9.5,21,3.6,3.5,1.4,Moderate
23,Other,Moderate,Keto,7.9,53,6.7,4.5,1.9,High
29,Male,Moderate,Junk Food,2.7,41,7.1,9.2,5.7,High
54,Male,High,Vegetarian,8.5,24,7.5,8.7,6.3,Low
34,Other,Low,Keto,4.3,28,3.0,5.6,7.6,High
40,Other,Moderate,Junk Food,7.3,39,3.8,3.1,3.3,Low
43,Male,Moderate,Keto,3.2,40,7.2,2.7,8.6,Moderate
46,Other,High,Vegetarian,5.9,36,3.2,9.6,9.6,Low
50,Female,High,Junk Food,8.5,31,2.0,2.8,5.5,Moderate
44,Female,Moderate,Vegan,8.6,47,7.2,8.3,7.8,Low
42,Female,Moderate,Vegetarian,7.0,37,4.0,4.3,5.7,Low
27,Female,Low,Balanced,7.7,22,4.5,9.9,1.6,Low
64,Female,Moderate,Balanced,4.4,24,4.7,4.3,3.9,High
40,Other,Moderate,Vegetarian,7.3,33,7.1,4.2,1.8,High
38,Other,High,Balanced,7.8,45,4.0,6.7,9.9,High
38,Female,Moderate,Vegetarian,10.4,38,7.4,9.7,3.1,High
60,Other,High,Vegan,5.6,36,5.7,9.8,6.7,High
30,Other,Moderate,Vegetarian,6.5,58,5.2,7.4,3.6,Low
54,Female,Moderate,Junk Food,6.6,23,4.0,7.8,6.9,High
50,Other,Moderate,Junk Food,7.5,54,3.5,6.1,2.9,Moderate
41,Other,Low,Keto,7.8,43,5.7,7.8,8.1,Low
61,Other,High,Balanced,8.1,32,4.7,8.7,2.0,Low
28,Female,Low,Balanced,8.0,52,7.5,5.4,9.1,Moderate
34,Other,Moderate,Vegetarian,4.3,34,4.9,6.6,8.6,High
21,Male,Low,Balanced,2.6,34,5.1,5.8,7.1,Moderate
64,Male,High,Junk Food,5.7,50,4.5,6.1,1.6,Low
42,Female,Moderate,Vegan,6.4,47,6.7,9.0,2.9,Low
47,Male,Low,Vegetarian,5.6,29,4.5,4.2,8.7,Low
26,Female,Low,Balanced,5.8,26,3.6,2.9,2.1,Moderate
38,Male,High,Junk Food,6.0,52,7.2,5.1,2.4,High
37,Male,Low,Keto,7.4,26,5.6,2.9,5.9,Low
36,Male,High,Balanced,4.9,24,5.5,5.5,3.5,High
36,Female,Moderate,Vegan,6.4,45,5.7,9.1,3.0,Low
29,Female,Moderate,Vegan,6.4,35,6.3,6.6,6.2,High
54,Other,Low,Balanced,7.3,27,3.9,8.7,4.4,Moderate
59,Female,Moderate,Balanced,8.2,41,2.2,2.5,2.3,Low
34,Male,Moderate,Junk Food,9.0,53,6.9,9.1,5.8,Low
54,Male,Low,Balanced,5.4,59,2.8,6.4,4.5,Low
56,Female,Moderate,Keto,3.5,47,6.3,1.3,7.6,Moderate
45,Female,Low,Junk Food,6.1,55,2.5,6.7,1.9,Moderate
58,Female,High,Vegetarian,4.1,26,4.3,9.6,6.6,High
52,Other,High,Keto,10.6,59,2.4,1.7,4.9,Moderate
64,Male,High,Junk Food,5.2,47,5.1,6.2,4.7,Low
35,Other,Low,Junk Food,7.3,21,5.9,9.2,3.1,High
31,Other,Low,Vegan,7.9,28,3.0,1.1,1.3,Moderate
52,Male,Moderate,Junk Food,7.0,25,4.2,6.7,8.6,High
61,Male,Moderate,Keto,9.6,20,7.6,5.3,3.9,High
58,Female,Moderate,Balanced,6.2,22,4.7,4.1,7.1,High
24,Female,Moderate,Keto,5.2,29,6.8,6.6,9.5,Low
58,Other,Moderate,Vegetarian,5.2,56,7.6,1.5,6.1,Low
30,Female,Low,Junk Food,7.6,42,7.8,7.8,4.6,Moderate
35,Female,Low,Junk Food,6.2,52,7.4,1.0,3.4,Low
54,Male,High,Junk Food,5.2,28,3.9,3.8,9.4,High
30,Male,High,Junk Food,7.2,32,7.8,5.5,7.1,High
53,Female,High,Vegan,7.6,47,6.9,4.4,7.0,Low
48,Male,High,Vegan,6.9,26,7.0,3.8,4.8,High
19,Female,Low,Balanced,7.8,45,2.1,8.5,8.6,Low
33,Male,Low,Junk Food,6.6,35,7.7,9.4,7.4,High
26,Male,Low,Vegetarian,5.6,59,6.7,8.9,3.5,Moderate
26,Male,Moderate,Balanced,7.7,45,6.6,5.7,6.4,Moderate
55,Male,Moderate,Junk Food,5.2,58,2.5,9.0,4.9,Low
28,Female,High,Vegan,4.8,51,3.4,9.3,1.1,Low
39,Other,Moderate,Vegetarian,8.2,55,7.8,4.7,8.3,Low
50,Male,Low,Balanced,6.0,20,5.0,3.6,2.1,Low
53,Female,High,Vegetarian,9.0,40,4.4,1.9,5.6,Low
62,Female,High,Junk Food,7.8,32,7.0,5.3,4.0,High
40,Male,Moderate,Keto,5.9,45,2.5,9.5,4.1,Moderate
62,Other,High,Vegetarian,7.2,28,4.5,6.0,5.3,High
62,Male,Moderate,Vegetarian,10.3,56,4.3,7.0,10.0,Moderate
51,Female,Moderate,Vegan,7.6,42,4.1,2.0,4.7,High
26,Other,High,Junk Food,7.4,20,3.8,2.3,2.6,High
41,Female,Moderate,Vegetarian,5.6,21,3.3,5.2,6.5,High
25,Male,Moderate,Junk Food,9.3,47,3.0,9.6,3.1,Low
24,Other,Moderate,Vegan,8.5,55,5.8,4.2,1.9,Moderate
53,Female,Moderate,Junk Food,5.6,50,7.5,8.9,1.5,Low
35,Female,High,Vegan,9.3,24,5.1,2.1,1.2,Low
20,Female,Low,Vegan,6.7,56,3.8,6.6,4.9,High
45,Male,Low,Balanced,5.2,44,3.0,6.4,4.8,Moderate
23,Other,Moderate,Junk Food,5.6,27,7.0,8.7,2.7,Moderate
61,Male,Moderate,Keto,7.8,53,7.8,1.0,8.1,Moderate
61,Male,Moderate,Balanced,5.2,58,4.1,2.7,2.2,Moderate
38,Male,Low,Vegan,4.8,51,3.7,3.0,9.2,Low
45,Other,Moderate,Keto,5.8,30,5.6,9.5,6.3,Low
57,Male,High,Vegetarian,6.1,44,6.7,2.4,1.2,Moderate
18,Male,High,Vegetarian,5.5,22,4.7,1.3,9.7,Low
53,Male,High,Balanced,5.8,51,5.8,5.8,3.8,Moderate
38,Male,Low,Keto,7.9,54,6.3,5.8,5.0,Low
60,Female,Moderate,Junk Food,6.9,51,7.8,8.6,3.6,High
52,Male,Moderate,Keto,5.7,53,3.0,9.5,7.6,High
30,Female,Moderate,Balanced,5.9,56,8.0,5.8,5.4,Moderate
27,Male,Low,Junk Food,6.3,24,4.4,9.4,2.2,Moderate
61,Other,Low,Junk Food,6.4,47,6.3,7.5,1.9,Low
64,Female,Low,Vegetarian,6.4,47,5.4,3.4,7.5,Moderate
27,Female,Low,Keto,7.8,27,4.9,9.4,3.1,Moderate
63,Female,High,Junk Food,6.8,46,6.2,7.0,2.2,Low
30,Female,Low,Balanced,6.8,35,4.4,4.7,5.5,Moderate
54,Other,Low,Vegetarian,8.6,37,2.8,7.1,8.2,Moderate
55,Male,Low,Junk Food,9.3,44,4.9,4.6,3.5,High
41,Female,Moderate,Keto,4.7,20,5.1,2.0,3.5,High
19,Other,Moderate,Vegetarian,4.1,27,3.2,7.5,8.5,High
39,Female,Moderate,Keto,6.0,40,7.6,8.4,2.3,Moderate
34,Male,High,Keto,7.7,53,3.4,7.6,6.6,Low
53,Female,High,Keto,7.1,43,4.5,3.1,9.6,High
31,Other,Low,Vegetarian,8.1,56,2.9,9.6,8.6,Moderate
27,Male,Moderate,Junk Food,5.9,45,5.2,1.2,1.6,High
52,Other,High,Vegan,3.6,33,3.8,4.0,3.9,Low
42,Male,Moderate,Junk Food,4.4,48,4.9,3.3,2.3,Low
20,Male,High,Vegetarian,7.3,49,3.3,1.4,9.5,Low
64,Male,High,Vegan,8.1,22,2.3,4.7,9.9,Low
55,Female,Low,Vegan,3.6,26,6.7,6.6,3.1,Low
34,Other,Low,Vegan,8.6,55,5.8,8.9,7.0,Low
29,Other,High,Balanced,7.2,30,4.0,9.9,8.6,Moderate
41,Other,Low,Vegetarian,6.4,51,2.3,8.3,3.1,High
46,Male,High,Balanced,5.6,31,7.2,5.2,2.7,Low
60,Female,High,Vegan,8.9,34,3.0,7.5,1.1,High
42,Male,Moderate,Balanced,7.8,57,7.6,8.6,4.7,High
53,Other,Low,Balanced,7.2,43,4.9,5.2,9.1,Moderate
43,Female,Low,Vegetarian,5.4,20,4.0,8.1,9.1,Low
55,Female,Low,Keto,8.9,37,6.5,5.3,2.1,Low
18,Female,Moderate,Balanced,6.5,26,7.3,4.5,2.8,Moderate
37,Other,Moderate,Balanced,6.9,21,4.2,5.7,4.7,Moderate
45,Female,Moderate,Vegan,6.6,59,4.4,7.1,8.0,Moderate
33,Female,Low,Vegan,5.4,50,4.6,7.5,6.5,Moderate
64,Male,Low,Vegan,7.0,52,7.5,4.2,5.6,Moderate
34,Male,Low,Junk Food,7.5,49,6.2,6.1,6.3,High
57,Female,Moderate,Balanced,5.8,50,3.5,9.2,1.9,Moderate
45,Female,Moderate,Vegan,6.9,53,3.1,9.8,5.3,Low
29,Male,High,Vegetarian,6.6,26,3.4,3.0,9.9,Low
44,Male,Moderate,Junk Food,7.9,44,3.6,2.7,1.8,Moderate
59,Male,High,Keto,6.1,35,3.4,7.1,5.7,Moderate
64,Other,Low,Balanced,6.8,41,6.0,4.7,3.7,Moderate
47,Other,Moderate,Balanced,7.2,55,2.7,1.2,5.9,Moderate
58,Male,Low,Vegetarian,6.0,46,4.3,4.1,6.2,Moderate
51,Female,Low,Keto,5.3,36,5.8,8.3,6.2,Low
54,Male,Low,Keto,5.5,23,3.7,8.2,8.7,High
23,Other,Low,Junk Food,7.1,54,2.4,5.5,4.5,Moderate
24,Female,Moderate,Balanced,6.1,41,2.5,5.3,5.6,Moderate
49,Other,Low,Vegan,6.1,54,2.8,6.2,1.1,Moderate
49,Female,High,Vegetarian,7.4,34,7.0,3.0,8.1,Low
42,Other,Moderate,Vegetarian,8.0,59,5.9,5.7,3.3,Low
50,Female,Low,Vegetarian,8.3,40,2.4,1.1,8.3,High
24,Female,Moderate,Vegetarian,5.6,32,4.3,5.3,3.4,High
29,Female,High,Vegan,7.9,30,3.7,4.0,1.1,High
33,Female,Low,Vegan,9.6,46,5.5,7.1,2.4,High
33,Other,High,Junk Food,6.7,50,5.1,6.7,9.9,Low
60,Other,Low,Balanced,6.4,51,4.9,4.4,3.9,High
53,Female,High,Vegan,6.1,49,3.9,1.1,2.0,Moderate
30,Female,Low,Junk Food,4.9,37,2.8,3.3,2.1,Low
24,Other,Moderate,Keto,7.8,35,6.5,6.7,3.8,Low
53,Female,Low,Balanced,6.4,54,7.3,1.7,1.3,Low
64,Female,Moderate,Vegan,6.3,28,7.7,2.0,5.6,Moderate
26,Female,Low,Keto,7.5,58,2.4,6.8,2.9,Low
49,Male,Low,Junk Food,7.7,56,6.4,7.8,5.7,Moderate
28,Female,High,Vegan,5.6,29,6.4,3.9,2.3,High
25,Male,High,Vegan,5.6,31,7.7,5.4,4.9,Low
50,Female,High,Keto,5.6,27,3.5,9.5,6.4,Moderate
40,Other,Low,Vegan,9.7,22,6.5,9.5,1.6,Low
42,Male,Low,Vegetarian,8.7,38,2.3,3.8,4.6,High
25,Male,Low,Vegan,7.6,30,5.8,8.3,3.7,Low
62,Female,Moderate,Balanced,5.9,27,4.1,6.3,3.2,High
39,Female,Moderate,Keto,6.1,45,6.6,9.8,6.4,Low
21,Male,Low,Balanced,7.0,42,7.2,5.3,6.3,Moderate
57,Other,High,Junk Food,9.8,29,4.2,8.0,6.7,High
20,Other,High,Balanced,6.9,37,5.2,7.9,2.4,Low
46,Female,High,Vegetarian,7.3,31,2.7,5.5,3.6,High
58,Other,Low,Vegetarian,2.7,58,4.5,8.2,2.9,High
46,Other,High,Balanced,6.9,45,4.2,3.3,5.9,Moderate
51,Female,Low,Junk Food,4.4,30,3.1,2.1,5.1,Moderate
51,Other,Moderate,Vegan,5.8,29,7.4,4.8,4.0,Moderate
45,Female,High,Vegetarian,6.6,22,2.9,9.5,8.1,Moderate
30,Male,Moderate,Balanced,6.0,26,5.8,5.5,1.8,High
32,Female,High,Balanced,5.5,23,7.3,6.7,9.8,High
40,Male,Low,Balanced,5.6,59,7.5,6.6,2.0,Low
61,Male,Low,Vegan,6.2,27,6.8,2.2,8.0,Low
43,Other,Low,Keto,6.1,57,3.1,4.5,4.3,Low
21,Other,Low,Junk Food,6.5,32,6.9,7.4,8.8,Moderate
43,Other,High,Keto,6.4,31,3.7,9.7,1.7,High
57,Female,Moderate,Junk Food,8.4,54,7.5,2.5,4.4,High
26,Other,Low,Junk Food,3.4,57,6.3,4.7,4.0,Low
22,Male,High,Balanced,6.9,55,6.7,1.9,9.9,Low
49,Other,Moderate,Vegetarian,6.6,21,2.5,3.2,9.9,High
37,Other,Low,Balanced,6.3,34,5.5,4.4,2.7,Moderate
28,Female,Moderate,Vegan,5.4,53,6.9,5.9,6.7,Low
32,Female,Low,Junk Food,6.3,58,7.2,3.1,5.8,Low
49,Male,Moderate,Vegetarian,4.0,45,2.2,3.0,2.4,High
45,Female,Moderate,Junk Food,6.8,24,7.6,8.0,2.5,High
39,Other,Low,Junk Food,7.1,44,2.3,9.7,9.9,Low
58,Female,High,Balanced,5.4,53,5.7,3.9,5.1,Low
34,Male,Moderate,Vegetarian,9.4,23,6.2,7.2,2.1,Moderate
43,Other,Low,Vegetarian,6.3,53,2.6,3.3,2.9,Moderate
61,Male,Moderate,Junk Food,6.6,46,2.3,9.4,3.4,Moderate
24,Female,Moderate,Vegetarian,8.5,48,6.7,7.1,5.6,Moderate
59,Female,High,Vegetarian,9.7,24,4.3,8.2,4.0,Low
43,Male,Moderate,Balanced,4.8,37,2.6,1.4,5.1,Low
42,Other,Moderate,Keto,5.6,23,6.6,6.4,2.5,Low
27,Female,Low,Vegan,6.3,20,7.1,5.7,3.9,Moderate
62,Female,Low,Keto,5.4,39,5.5,3.6,1.6,Low
36,Other,High,Vegetarian,7.8,25,3.0,3.4,9.0,High
28,Female,Moderate,Junk Food,5.2,39,2.1,6.2,2.8,Moderate
30,Male,Moderate,Vegan,8.4,39,6.2,7.4,7.8,High
25,Female,Moderate,Vegan,7.4,46,5.3,1.3,4.1,Moderate
57,Female,High,Junk Food,8.2,45,5.9,6.1,5.3,Low
21,Other,Moderate,Vegan,5.2,51,6.9,2.5,3.6,Moderate
64,Male,Low,Junk Food,5.9,29,4.6,2.3,7.3,High
48,Other,High,Vegan,7.8,37,2.7,6.6,8.6,Moderate
45,Female,Low,Keto,7.6,31,7.6,3.8,3.6,High
28,Female,Low,Vegan,6.1,29,5.3,5.0,3.2,Low
60,Other,High,Balanced,6.3,43,5.7,4.2,7.1,High
18,Other,Low,Junk Food,5.8,43,7.6,6.8,2.8,Low
64,Other,Moderate,Vegan,6.2,57,7.6,5.2,6.8,High
55,Male,High,Junk Food,5.1,44,5.4,9.7,1.8,Low
41,Female,Low,Balanced,4.8,27,3.8,4.2,6.6,High
64,Other,Moderate,Vegan,8.0,33,8.0,7.7,5.6,Low
48,Female,Moderate,Vegan,6.2,50,6.1,3.3,2.0,Low
58,Male,Low,Balanced,8.2,43,4.5,5.6,6.8,Low
63,Male,Moderate,Balanced,7.4,35,5.4,6.0,5.0,High
43,Male,High,Balanced,7.0,39,4.5,4.0,3.0,High
22,Male,Low,Junk Food,5.4,57,7.3,5.2,4.2,Low
37,Female,Moderate,Balanced,4.7,34,4.9,3.5,5.4,Moderate
58,Male,Moderate,Junk Food,5.8,33,6.9,1.1,1.8,Low
28,Male,Low,Keto,8.8,31,7.0,2.9,9.6,Moderate
50,Other,Low,Vegan,7.8,53,6.9,7.3,7.0,Low
55,Male,Low,Vegan,5.7,27,6.3,7.9,1.9,High
44,Other,Low,Vegetarian,5.8,38,7.1,3.5,8.4,Moderate
51,Male,High,Keto,5.1,24,4.3,4.7,3.9,High
32,Male,Low,Balanced,4.2,46,2.7,1.3,6.4,Moderate
49,Other,High,Balanced,6.7,32,7.1,3.1,3.5,Moderate
38,Male,High,Keto,9.1,51,5.0,8.0,7.6,Moderate
63,Female,Low,Balanced,9.1,50,2.8,6.5,7.5,Moderate
22,Female,High,Vegetarian,7.4,56,2.7,2.9,6.0,High
23,Male,Low,Junk Food,5.6,21,3.0,3.3,3.2,Moderate
55,Female,Low,Vegan,4.3,26,6.5,8.4,3.3,Low
39,Other,Moderate,Keto,8.1,30,6.3,2.9,4.4,Low
35,Male,Low,Vegan,7.2,30,3.2,4.0,2.3,Moderate
31,Male,Moderate,Junk Food,6.0,42,7.1,7.0,4.0,High
27,Other,High,Keto,5.8,50,3.7,6.1,7.2,High
63,Other,Moderate,Junk Food,7.4,27,6.8,5.1,8.5,Moderate
30,Other,High,Balanced,5.3,51,4.9,9.1,4.0,High
48,Male,Low,Balanced,6.9,40,6.4,3.0,3.1,High
47,Other,High,Balanced,4.7,50,4.3,7.7,8.5,High
20,Other,High,Junk Food,9.8,20,4.1,2.4,9.0,Moderate
47,Female,Low,Junk Food,5.5,32,7.0,6.5,4.7,Low
23,Female,High,Junk Food,7.5,30,2.2,8.8,1.2,Low
46,Male,Low,Vegan,4.7,48,7.8,5.1,7.3,Low
25,Female,Moderate,Junk Food,6.3,23,5.9,7.5,8.1,Low
61,Female,Low,Balanced,7.8,55,4.6,8.4,1.2,Low
62,Other,Low,Vegetarian,8.2,34,5.8,2.2,6.4,High
60,Other,High,Junk Food,7.6,22,2.7,7.4,6.3,High
61,Female,Moderate,Vegetarian,6.3,48,5.1,9.3,4.4,High
50,Female,Low,Balanced,5.5,40,7.9,6.2,7.7,Moderate
34,Female,Moderate,Junk Food,4.9,21,3.4,2.7,4.9,High
28,Male,Moderate,Vegan,8.8,25,6.3,2.1,7.1,Low
30,Male,High,Vegan,6.7,50,4.6,3.3,5.7,High
28,Male,Low,Vegetarian,6.9,43,5.9,1.9,3.2,Low
48,Female,High,Vegan,8.2,59,3.2,5.6,6.5,High
45,Female,Low,Vegan,7.4,36,4.8,1.6,7.6,Low
61,Male,Moderate,Vegan,6.3,24,7.9,3.0,9.8,High
23,Male,Low,Balanced,7.6,21,3.2,5.0,4.4,Low
58,Female,Low,Vegan,5.6,31,5.8,5.3,1.6,Low
33,Other,Moderate,Keto,4.2,24,5.5,6.1,9.9,Moderate
21,Male,Moderate,Junk Food,8.6,39,5.4,7.4,6.6,High
52,Female,Low,Vegan,5.7,27,5.7,1.4,9.5,Low
43,Female,High,Vegan,6.0,20,5.0,1.7,1.9,High
29,Other,Low,Vegan,6.2,25,2.1,1.5,4.1,Low
28,Female,Moderate,Keto,5.6,30,7.4,4.8,2.2,Moderate
54,Female,High,Vegan,8.2,22,7.0,1.4,8.5,Moderate
42,Male,Moderate,Vegan,7.1,50,3.0,7.7,8.9,Moderate
35,Male,Moderate,Junk Food,6.0,47,4.5,3.0,5.5,Moderate
36,Other,High,Keto,4.6,24,6.6,9.5,2.7,Low
40,Other,Moderate,Keto,7.0,45,7.9,5.4,2.1,High
55,Female,Moderate,Vegan,2.8,35,7.7,5.0,6.3,Moderate
35,Male,Moderate,Keto,6.8,50,7.4,8.0,5.6,Moderate
43,Other,Moderate,Vegetarian,8.5,47,3.0,7.4,7.3,Moderate
23,Other,Moderate,Keto,6.6,26,7.5,6.5,3.7,High
21,Other,Moderate,Keto,8.3,57,7.3,9.4,4.6,Low
61,Female,Moderate,Keto,4.7,28,4.3,4.8,1.2,Low
46,Male,Moderate,Balanced,9.6,58,4.4,8.3,6.5,Low
51,Other,Moderate,Balanced,8.1,54,4.8,4.4,4.8,Low
34,Male,Low,Balanced,7.2,46,5.9,8.5,9.3,High
60,Other,Low,Keto,5.6,31,3.6,3.3,6.8,High
60,Other,Moderate,Vegetarian,5.4,44,2.1,3.6,4.6,High
33,Male,Low,Keto,6.4,48,2.8,7.1,3.4,Moderate
19,Male,High,Vegan,8.3,50,4.6,2.9,9.1,High
51,Male,Low,Vegetarian,4.5,53,3.7,3.1,1.1,Low
25,Female,Moderate,Balanced,6.5,52,6.6,3.7,3.9,High
30,Other,Moderate,Junk Food,7.6,46,2.6,7.1,9.5,Moderate
59,Female,Low,Vegetarian,7.9,21,7.5,9.0,6.9,Low
25,Male,Moderate,Balanced,7.6,33,7.4,7.1,5.8,High
47,Other,High,Vegetarian,4.4,32,7.5,8.5,2.8,Low
49,Female,High,Vegetarian,8.2,43,6.4,5.9,8.5,Low
53,Other,Moderate,Keto,6.6,24,2.6,1.6,2.8,High
64,Female,High,Vegan,4.9,53,4.6,1.9,3.2,High
47,Male,High,Junk Food,6.5,42,2.8,6.0,2.7,Moderate
18,Female,Low,Balanced,3.6,38,7.9,4.0,2.4,High
60,Other,High,Vegetarian,7.4,49,4.0,3.0,9.6,High
56,Other,Low,Junk Food,6.3,35,5.5,5.2,6.4,High
34,Other,Moderate,Vegetarian,4.6,59,6.7,7.0,6.7,Low
37,Other,Low,Vegan,6.1,53,7.5,4.5,9.6,Moderate
41,Male,Moderate,Junk Food,5.4,30,6.5,8.2,3.1,Low
39,Female,Moderate,Balanced,5.5,33,6.0,7.6,1.1,High
46,Male,Moderate,Vegetarian,3.1,34,4.8,7.6,6.4,Moderate
39,Male,Moderate,Vegan,4.0,54,5.6,9.9,5.6,High
61,Male,Moderate,Junk Food,6.2,26,2.6,3.7,5.3,Low
26,Other,Low,Vegetarian,5.9,48,7.3,6.8,1.6,Low
54,Other,Moderate,Vegetarian,8.0,41,5.3,8.7,5.1,High
27,Other,High,Balanced,5.6,42,2.2,6.2,3.6,Moderate
53,Female,High,Vegan,5.7,43,7.5,8.1,3.5,Low
54,Other,Moderate,Keto,5.8,54,4.9,4.7,3.0,High
45,Female,High,Vegetarian,6.2,29,7.2,6.3,4.0,High
45,Other,Low,Junk Food,6.6,27,7.1,1.5,4.2,High
59,Other,Low,Balanced,5.9,31,6.9,9.9,3.8,Moderate
60,Male,Moderate,Balanced,7.4,48,2.4,8.2,9.8,High
38,Male,Moderate,Vegetarian,10.0,48,3.5,8.8,9.4,High
41,Male,Moderate,Vegetarian,5.3,42,7.3,7.2,6.2,Low
59,Female,High,Vegetarian,7.1,45,7.4,2.7,9.8,High
57,Female,High,Keto,6.5,56,4.7,1.3,9.9,Moderate
19,Other,Low,Vegetarian,8.1,51,4.6,8.8,4.2,High
25,Female,High,Vegan,6.8,57,3.1,4.6,5.0,Moderate
44,Other,Low,Junk Food,5.4,25,7.8,3.4,9.6,High
39,Female,High,Vegetarian,4.8,27,3.3,6.1,6.5,High
54,Female,Low,Keto,7.4,36,3.1,4.8,2.9,High
44,Female,Moderate,Junk Food,4.9,31,6.0,6.9,7.2,Moderate
46,Male,High,Balanced,8.3,41,3.5,5.4,2.9,Low
20,Female,Low,Vegetarian,7.3,33,7.6,7.3,4.1,Moderate
61,Male,High,Junk Food,6.6,53,2.1,8.7,3.0,Low
30,Male,Moderate,Balanced,4.5,38,2.0,2.8,3.2,Moderate
62,Female,Low,Keto,7.5,25,5.0,4.0,1.0,High
27,Other,High,Vegan,8.9,37,4.9,4.9,8.9,High
53,Other,High,Vegetarian,5.9,55,3.0,9.7,3.7,Low
26,Other,Moderate,Vegan,5.4,56,5.0,4.3,1.8,Low
44,Female,Moderate,Keto,6.4,57,4.5,4.4,1.8,Moderate
51,Other,Low,Junk Food,7.2,34,7.3,6.9,6.0,Moderate
18,Male,High,Junk Food,5.7,57,2.1,4.8,9.9,Low
49,Other,High,Keto,7.8,59,7.9,9.6,2.3,Low
42,Female,Moderate,Keto,9.4,28,5.7,9.1,1.9,Moderate
46,Other,Moderate,Vegetarian,7.0,25,2.9,5.6,4.9,Low
24,Male,Low,Balanced,6.0,21,2.3,6.8,6.1,Low
20,Female,High,Vegan,7.2,35,5.2,1.5,3.6,Low
37,Other,High,Vegan,8.3,20,3.4,7.3,3.7,Low
37,Female,Low,Junk Food,6.7,49,3.8,7.4,4.8,High
47,Female,Low,Junk Food,7.2,52,3.5,4.2,3.8,High
52,Female,Moderate,Vegetarian,7.6,20,5.9,3.0,9.2,Low
52,Other,Moderate,Keto,5.2,58,5.3,9.2,1.4,Moderate
56,Female,Low,Vegan,7.2,35,2.5,4.8,3.1,High
44,Other,Low,Vegetarian,4.5,36,5.2,6.9,8.3,Moderate
43,Male,High,Junk Food,5.5,57,6.7,1.3,8.5,Moderate
31,Other,Low,Junk Food,8.2,37,2.5,4.7,2.0,High
34,Male,Low,Vegan,7.8,41,7.3,8.4,9.8,Moderate
35,Other,High,Junk Food,6.1,41,5.5,4.5,7.2,Moderate
62,Female,Low,Junk Food,9.1,54,7.7,6.4,3.5,Low
46,Other,Moderate,Balanced,4.5,50,2.9,2.9,5.1,Low
37,Female,Moderate,Keto,6.2,59,8.0,4.7,3.7,Low
44,Male,High,Junk Food,6.9,46,5.9,9.3,2.4,High
35,Other,Low,Balanced,2.3,55,5.4,6.1,3.6,Low
21,Female,Moderate,Vegetarian,6.3,23,5.1,9.1,6.2,Moderate
18,Male,Moderate,Junk Food,4.8,24,2.1,9.1,8.4,Moderate
18,Male,Moderate,Vegetarian,4.8,44,7.6,9.5,4.3,Moderate
43,Other,Moderate,Junk Food,6.1,50,5.9,9.1,4.1,Moderate
62,Male,Low,Vegan,3.8,33,2.5,1.0,5.2,Moderate
37,Female,Low,Balanced,5.3,49,2.1,9.4,6.8,High
40,Male,Low,Balanced,3.8,31,2.3,2.2,7.8,Moderate
27,Male,Low,Vegan,6.7,46,5.7,1.4,3.9,High
28,Female,Moderate,Keto,6.7,43,5.7,1.5,6.3,Moderate
58,Male,High,Balanced,6.0,49,5.0,4.1,4.5,High
58,Male,High,Vegetarian,8.0,37,3.8,6.6,7.4,High
22,Male,Moderate,Balanced,6.1,33,5.2,4.6,2.5,Moderate
18,Male,Moderate,Keto,6.5,38,5.1,1.2,3.3,Moderate
34,Female,High,Vegetarian,5.1,41,2.1,5.3,4.8,Moderate
39,Male,High,Vegetarian,3.0,45,3.7,5.0,9.0,Moderate
51,Female,Moderate,Vegan,6.3,26,2.3,7.8,6.2,Low
62,Male,Moderate,Junk Food,6.1,47,7.4,3.5,9.7,Low
58,Male,Low,Vegan,9.1,57,6.4,3.0,1.9,High
46,Male,Low,Junk Food,7.5,24,8.0,3.3,5.1,High
21,Male,High,Vegan,5.9,55,3.8,3.7,4.8,Low
22,Female,Moderate,Junk Food,6.7,37,7.3,6.4,6.4,High
28,Female,High,Balanced,7.9,33,5.6,5.2,8.3,Moderate
38,Female,Low,Vegetarian,7.3,42,4.7,4.0,8.6,High
52,Other,Low,Junk Food,9.0,33,3.3,4.4,7.0,High
29,Male,High,Balanced,5.3,51,6.4,4.3,6.8,High
43,Male,Low,Keto,8.0,24,7.4,9.8,9.5,Low
36,Female,Moderate,Vegan,5.9,41,3.4,3.1,4.5,Low
62,Other,High,Keto,6.8,47,3.1,8.4,8.5,High
24,Male,Moderate,Balanced,5.7,31,6.2,7.4,9.3,Moderate
64,Female,Moderate,Keto,6.3,37,7.9,1.1,5.4,High
24,Male,Low,Keto,6.8,55,6.5,9.9,7.6,Low
43,Male,Moderate,Balanced,7.4,50,3.7,7.8,4.4,Moderate
57,Female,High,Vegetarian,6.6,32,4.5,7.1,2.4,High
22,Female,Moderate,Junk Food,2.8,39,4.3,4.6,6.3,Low
38,Male,Moderate,Vegan,6.4,55,7.1,6.0,2.8,Moderate
31,Male,Moderate,Junk Food,8.7,26,6.6,3.3,5.1,High
21,Female,Moderate,Vegan,6.4,42,5.5,1.3,8.9,Low
40,Male,Moderate,Junk Food,8.7,53,3.6,8.5,1.8,Moderate
59,Male,Low,Keto,6.3,51,7.6,9.1,1.3,High
37,Female,High,Vegetarian,4.1,40,5.9,2.5,6.5,Moderate
32,Male,Low,Keto,5.9,25,7.8,8.1,4.0,Moderate
62,Male,High,Vegetarian,5.7,35,5.5,7.7,4.8,Moderate
46,Other,High,Balanced,6.2,54,6.9,2.6,4.7,Low
25,Female,High,Vegan,4.7,39,6.9,4.8,1.8,High
58,Other,High,Vegan,6.5,30,4.0,4.8,1.0,Moderate
36,Other,High,Balanced,6.0,51,7.8,7.8,9.1,Moderate
56,Other,Moderate,Junk Food,8.4,33,2.1,8.5,3.0,Moderate
63,Male,Low,Balanced,4.7,43,6.6,1.9,4.8,Low
45,Male,Low,Balanced,6.9,58,7.8,6.1,9.7,Moderate
63,Other,Moderate,Vegetarian,7.1,50,4.0,7.9,8.4,Low
44,Other,High,Balanced,7.7,36,5.9,8.1,2.0,Low
21,Other,Low,Vegan,6.0,44,5.4,2.3,5.6,Moderate
32,Male,Moderate,Keto,6.8,28,6.6,5.7,7.6,Moderate
52,Other,Moderate,Vegetarian,7.0,41,7.2,8.7,7.3,Low
54,Other,Low,Vegetarian,4.0,54,5.6,3.9,7.8,Low
18,Female,Low,Junk Food,6.0,56,6.9,4.8,5.1,Moderate
20,Female,High,Keto,6.5,36,3.9,8.2,2.6,Low
64,Male,High,Vegetarian,6.6,47,3.4,1.8,5.2,Low
41,Female,Low,Balanced,6.6,20,4.6,8.7,6.8,Moderate
44,Female,High,Vegetarian,7.2,28,6.1,3.8,6.5,Moderate
57,Female,Moderate,Vegetarian,9.4,32,3.1,1.0,1.6,High
53,Male,High,Vegetarian,5.6,51,6.1,3.1,1.6,Moderate
51,Female,High,Junk Food,7.1,47,4.4,1.8,9.7,Moderate
46,Male,Moderate,Vegetarian,8.5,50,6.8,1.8,2.4,Moderate
41,Other,High,Vegetarian,3.8,27,2.2,7.2,3.7,High
41,Female,Moderate,Junk Food,6.9,27,6.0,2.9,7.9,Low
59,Male,High,Keto,4.0,53,5.9,9.4,4.7,Moderate
21,Female,Low,Vegan,9.8,42,7.6,5.6,2.6,Moderate
20,Other,High,Junk Food,7.3,29,6.3,5.1,5.2,High
51,Male,Low,Junk Food,7.1,56,6.8,4.9,6.1,High
40,Male,Low,Vegetarian,3.7,44,7.4,7.2,5.1,High
40,Male,Low,Vegetarian,5.7,52,6.1,5.1,9.3,Low
62,Other,Low,Vegan,5.8,23,3.7,2.2,3.6,High
22,Other,Low,Vegetarian,9.1,26,7.2,8.9,7.0,Low
48,Other,Moderate,Balanced,7.6,52,6.5,4.9,2.0,Moderate
58,Male,Moderate,Vegetarian,4.0,21,4.5,1.7,4.5,Moderate
23,Other,Moderate,Vegetarian,7.2,51,6.3,5.8,7.7,Moderate
54,Female,Low,Balanced,4.2,24,7.2,6.8,3.0,High
27,Other,High,Vegan,4.1,36,7.9,3.5,6.3,Moderate
57,Male,Moderate,Balanced,7.2,31,7.7,8.2,2.4,High
24,Female,High,Junk Food,7.6,31,4.0,7.0,1.9,Low
56,Other,High,Balanced,7.2,54,4.5,6.9,5.7,Moderate
55,Female,Low,Keto,9.3,40,2.7,4.8,7.1,Low
38,Female,Low,Junk Food,7.1,40,3.5,9.7,2.0,High
37,Male,Low,Vegetarian,6.8,21,7.3,3.5,9.3,High
20,Female,Moderate,Junk Food,4.7,40,4.2,6.2,3.0,Moderate
39,Female,Low,Vegan,7.8,34,5.7,3.8,2.1,Moderate
64,Male,Moderate,Vegan,4.0,30,6.0,7.7,2.8,High
21,Male,Moderate,Balanced,9.5,29,6.7,1.4,2.5,Moderate
45,Male,Moderate,Junk Food,7.8,37,3.1,1.4,1.8,Moderate
29,Female,Moderate,Vegetarian,10.7,42,3.8,8.3,8.2,Low
55,Female,Low,Vegan,7.1,50,4.7,4.9,5.5,High
53,Female,Moderate,Vegetarian,7.9,45,4.2,4.1,4.5,Low
64,Male,Low,Keto,6.1,21,7.9,6.5,9.6,Moderate
58,Other,Low,Vegan,6.4,58,7.0,7.3,4.3,Low
22,Female,Moderate,Balanced,4.9,26,4.9,2.8,2.5,High
30,Other,Low,Keto,4.3,43,7.3,2.7,3.5,Low
40,Male,High,Junk Food,6.8,58,4.1,9.6,3.2,Low
47,Female,Low,Vegetarian,6.4,51,6.7,6.3,5.5,Moderate
54,Other,Low,Vegan,4.9,45,3.3,4.5,3.6,High
42,Female,Moderate,Keto,5.2,42,6.6,8.2,5.6,Moderate
44,Female,Moderate,Keto,6.5,33,4.7,5.7,7.0,Moderate
31,Female,Low,Vegan,4.9,48,2.6,3.2,8.0,High
64,Other,Moderate,Junk Food,7.0,44,3.6,2.9,7.4,Low
53,Male,High,Junk Food,4.9,50,4.4,4.6,2.9,Moderate
56,Female,High,Balanced,6.9,21,6.5,8.7,2.0,Low
33,Male,Moderate,Junk Food,4.8,21,2.4,1.6,5.9,High
39,Male,Low,Balanced,4.8,42,6.0,3.0,2.8,Moderate
38,Other,High,Keto,3.0,30,6.3,9.0,1.8,Low
38,Other,High,Vegan,6.3,48,5.9,2.1,5.7,Low
25,Male,Low,Junk Food,8.7,54,6.6,6.7,3.9,Moderate
33,Female,Moderate,Balanced,8.6,28,3.1,2.9,7.8,High
48,Other,High,Keto,7.0,51,5.5,6.5,3.8,Low
59,Female,Low,Junk Food,3.5,49,7.6,4.4,9.8,High
27,Female,Low,Vegetarian,7.8,34,5.7,1.9,7.8,Moderate
49,Female,High,Keto,6.8,33,5.7,6.2,1.5,Low
51,Male,Moderate,Junk Food,5.9,36,6.4,7.1,5.6,Low
26,Female,High,Keto,8.3,41,4.0,7.1,6.1,Low
34,Male,Low,Vegan,7.4,49,6.2,6.7,7.3,High
28,Male,High,Vegan,9.4,36,7.5,5.5,5.5,Low
49,Female,Moderate,Vegan,4.4,35,2.1,5.7,5.4,Low
27,Female,Low,Vegetarian,4.5,27,7.2,6.7,4.3,Moderate
39,Female,Moderate,Vegan,4.8,58,3.3,7.2,3.4,Low
34,Female,High,Vegetarian,6.1,50,4.7,6.9,9.5,High
21,Male,High,Vegan,8.9,31,7.1,6.3,3.9,Moderate
64,Female,Moderate,Keto,5.6,52,6.9,2.4,1.6,Moderate
42,Female,High,Junk Food,5.6,31,7.4,2.9,2.5,Low
38,Male,Moderate,Junk Food,7.1,44,7.6,3.3,8.7,Moderate
54,Other,High,Vegan,7.8,57,4.7,9.3,6.3,Low
55,Other,Moderate,Junk Food,3.1,37,5.9,7.8,8.0,Moderate
18,Male,Moderate,Vegan,8.1,38,4.3,6.0,8.3,High
42,Other,Low,Vegan,5.5,22,4.1,3.3,8.4,Low
53,Male,Low,Balanced,6.3,54,4.6,2.0,6.0,High
34,Female,Moderate,Balanced,8.6,24,6.5,9.1,2.6,Low
58,Female,High,Balanced,6.2,54,5.0,9.0,2.3,High
41,Other,High,Vegetarian,4.2,46,6.9,2.0,6.2,High
19,Female,High,Balanced,4.3,56,6.5,8.2,4.3,Moderate
57,Other,Moderate,Vegan,6.5,40,2.1,5.0,6.0,Low
32,Other,Moderate,Keto,6.0,35,5.8,3.9,5.5,Moderate
49,Female,Moderate,Balanced,6.6,47,4.6,7.7,6.4,High
56,Female,Moderate,Balanced,5.9,44,4.7,6.5,1.3,Low
23,Other,Low,Keto,8.4,52,6.9,8.0,1.3,High
18,Female,Moderate,Vegan,6.5,36,5.3,1.7,7.5,High
64,Male,High,Vegetarian,3.9,49,7.3,3.9,2.7,High
40,Female,Low,Balanced,7.7,23,6.3,3.9,6.9,High
56,Female,High,Keto,9.4,21,5.3,4.0,5.9,Moderate
34,Male,Moderate,Vegan,6.7,28,6.5,5.5,9.8,High
51,Female,Low,Junk Food,6.8,50,2.2,3.5,8.5,Moderate
58,Female,Moderate,Vegetarian,5.3,44,2.2,5.0,4.7,High
46,Other,Low,Keto,6.1,56,2.5,4.3,6.5,Low
26,Female,High,Keto,7.3,55,4.6,7.6,2.1,High
30,Female,Moderate,Keto,8.2,24,3.4,6.4,4.5,High
23,Male,Moderate,Balanced,7.2,43,7.9,6.9,7.6,Low
23,Other,Low,Junk Food,9.2,43,5.3,2.9,6.6,Low
37,Other,Low,Vegetarian,6.6,48,6.0,3.9,5.4,High
20,Other,Moderate,Vegan,4.8,50,3.7,1.2,2.6,High
34,Female,Low,Vegan,4.9,56,3.9,2.0,8.2,Moderate
29,Other,Moderate,Junk Food,8.4,38,4.0,3.4,3.5,Low
64,Male,Low,Keto,8.0,42,6.2,1.6,8.4,Low
62,Other,High,Keto,4.0,54,4.8,6.4,6.5,Moderate
18,Male,Low,Keto,6.2,25,5.1,10.0,4.4,High
34,Other,High,Keto,6.2,25,5.6,1.9,1.4,High
20,Other,Low,Keto,5.4,56,6.6,8.4,3.1,Low
43,Male,Low,Junk Food,4.4,49,2.5,2.1,9.0,Moderate
32,Other,Moderate,Balanced,5.3,20,6.7,7.0,8.4,High
53,Other,Low,Vegetarian,5.1,27,5.4,6.8,6.2,Low
49,Other,Low,Keto,4.4,47,6.0,9.1,5.2,High
49,Female,High,Balanced,7.7,44,4.0,2.0,6.8,High
21,Male,Low,Vegan,6.9,52,4.5,3.8,5.2,High
35,Other,Moderate,Junk Food,5.8,57,3.4,1.8,6.8,Low
36,Male,High,Balanced,3.4,33,7.9,4.7,3.8,Moderate
60,Male,Moderate,Keto,6.1,30,5.0,9.2,8.5,Moderate
52,Male,Moderate,Keto,7.3,21,8.0,8.0,7.3,High
57,Other,Moderate,Keto,5.4,49,4.9,7.5,4.0,Moderate
31,Other,Moderate,Balanced,4.8,49,3.3,5.8,8.5,High
50,Male,High,Keto,6.3,23,5.0,9.0,5.4,Low
31,Female,Low,Balanced,7.0,32,2.2,5.0,2.6,Low
51,Male,Moderate,Keto,3.5,26,7.4,2.3,1.7,Low
21,Female,High,Vegan,8.5,57,6.9,8.5,7.3,High
41,Male,Moderate,Vegan,4.6,22,6.4,3.5,8.8,Moderate
46,Male,Low,Vegetarian,5.9,28,5.7,1.5,8.3,Low
36,Male,High,Keto,8.3,33,5.5,2.1,6.9,High
23,Other,High,Keto,6.7,30,8.0,6.5,2.3,Moderate
50,Female,Low,Balanced,8.1,56,3.7,6.5,1.8,Moderate
57,Female,High,Balanced,8.8,33,6.7,3.3,4.1,Moderate
36,Male,Low,Keto,4.3,38,5.5,7.5,8.7,High
18,Other,High,Vegetarian,7.9,27,7.9,8.0,9.7,High
22,Other,High,Keto,8.5,26,7.0,9.3,3.2,High
44,Female,Low,Balanced,5.9,26,8.0,6.3,7.9,Low
33,Other,Low,Keto,6.1,22,5.5,8.0,6.2,High
23,Female,High,Balanced,3.6,22,3.2,7.8,1.3,Low
57,Female,High,Keto,7.7,37,5.0,3.3,5.9,Low
30,Female,Low,Junk Food,2.7,52,6.3,3.8,8.3,Low
52,Other,Low,Balanced,8.0,56,6.6,5.3,3.5,High
36,Female,High,Vegetarian,4.4,47,2.0,1.2,9.1,Low
29,Female,High,Junk Food,8.6,55,5.0,3.7,3.1,High
33,Male,High,Keto,7.1,35,3.4,5.3,1.7,High
60,Female,Low,Balanced,8.0,34,7.2,2.0,2.4,Low
27,Female,High,Junk Food,5.3,48,2.9,2.1,8.5,Low
42,Male,Moderate,Vegetarian,4.5,37,6.0,5.2,4.8,Low
37,Male,Low,Balanced,3.9,38,3.6,7.6,8.2,High
48,Other,High,Junk Food,8.1,48,4.1,8.5,5.8,High
21,Female,Low,Junk Food,7.5,25,7.6,5.9,5.3,Low
61,Other,Moderate,Junk Food,7.5,46,3.4,5.3,8.3,Low
40,Other,Low,Vegan,6.9,26,2.6,4.5,4.8,Moderate
19,Male,High,Keto,7.3,46,2.4,2.7,8.2,Low
39,Other,Moderate,Balanced,6.1,38,5.0,2.3,1.9,Moderate
54,Female,Moderate,Balanced,7.1,36,5.9,8.1,6.7,Moderate
25,Male,High,Balanced,5.2,30,4.0,5.2,7.3,High
24,Female,High,Junk Food,6.0,24,6.1,8.1,9.1,High
31,Female,High,Keto,11.1,21,2.4,7.3,3.0,Moderate
20,Male,Low,Vegetarian,6.6,31,7.1,2.7,6.4,Moderate
33,Female,Low,Balanced,3.5,30,6.9,5.6,4.9,Low
36,Male,Low,Keto,5.9,29,7.9,5.0,4.4,Moderate
35,Female,High,Keto,4.9,47,7.6,4.8,2.0,Low
33,Male,High,Vegan,6.7,26,4.1,5.9,2.2,High
25,Other,Low,Balanced,5.2,33,4.4,9.8,8.5,Low
50,Female,Moderate,Junk Food,6.2,32,6.5,8.3,7.7,High
29,Male,Low,Keto,5.4,24,2.8,9.1,4.4,Moderate
28,Female,Moderate,Keto,6.8,27,3.9,1.3,8.5,Moderate
22,Female,High,Vegetarian,5.6,20,2.7,2.3,1.7,Moderate
44,Female,High,Vegan,7.0,24,4.7,1.8,6.6,Low
29,Male,Low,Keto,9.4,30,5.3,3.4,8.8,High
34,Other,Low,Keto,4.8,29,3.3,5.0,8.5,High
23,Other,High,Junk Food,7.6,34,2.2,6.8,4.4,High
50,Other,Low,Junk Food,2.8,58,6.3,5.5,7.7,High
22,Male,High,Vegetarian,6.2,48,2.1,9.1,4.8,High
45,Other,High,Vegetarian,6.8,44,7.8,9.5,8.6,Low
31,Male,Moderate,Vegetarian,5.4,25,3.3,2.5,5.8,High
22,Female,Low,Junk Food,3.8,30,6.0,8.7,7.9,Moderate
50,Female,High,Junk Food,6.4,36,4.6,5.3,1.7,High
58,Other,Low,Vegan,8.8,34,2.4,5.1,6.3,Moderate
36,Male,Moderate,Balanced,6.3,35,4.8,8.1,6.0,Low
39,Female,Moderate,Balanced,7.3,21,5.1,1.8,6.5,Low
22,Male,Low,Vegan,8.2,55,7.1,8.9,7.3,Moderate
19,Male,Low,Balanced,10.2,38,6.4,7.0,9.3,High
47,Female,High,Junk Food,4.9,57,2.5,8.9,8.1,Low
64,Male,Moderate,Balanced,5.1,40,3.3,10.0,3.0,Low
56,Female,Moderate,Junk Food,6.1,30,3.9,5.7,8.4,Low
21,Female,Moderate,Vegan,7.4,22,2.7,1.8,2.1,High
50,Female,Low,Vegetarian,3.0,53,4.7,2.5,6.6,Moderate
30,Male,High,Vegan,7.5,37,7.9,3.9,8.9,Moderate
37,Female,Low,Balanced,6.7,34,5.1,1.9,1.9,High
24,Male,Low,Junk Food,5.7,44,6.5,8.3,8.6,Low
32,Female,Low,Balanced,7.1,34,6.1,3.7,8.2,High
40,Female,High,Balanced,7.8,49,7.1,9.8,5.5,High
31,Other,Low,Vegetarian,8.0,36,3.3,7.3,3.8,Moderate
40,Other,Moderate,Balanced,6.5,37,6.5,2.6,4.6,High
36,Other,Moderate,Vegetarian,7.0,50,7.3,5.3,9.7,High
46,Male,Moderate,Junk Food,6.9,37,3.0,5.2,2.8,Low
37,Male,High,Junk Food,8.3,54,4.1,5.4,6.2,Low
46,Female,Low,Vegetarian,7.1,32,7.8,5.8,1.7,Moderate
41,Female,High,Vegan,7.5,33,6.7,1.3,3.0,Low
35,Female,Low,Junk Food,7.8,55,3.7,7.2,7.9,High
27,Female,Moderate,Vegan,9.4,37,5.4,5.4,3.7,High
58,Male,Low,Junk Food,5.6,24,4.4,8.1,9.9,High
25,Female,Low,Junk Food,8.9,33,4.9,8.3,5.5,Moderate
43,Female,Low,Keto,10.2,44,4.1,3.1,5.6,Low
46,Other,High,Balanced,5.7,58,3.7,1.4,1.3,High
27,Female,Low,Balanced,6.2,31,6.0,7.3,9.6,Low
34,Female,Low,Vegan,5.9,59,6.7,9.8,2.6,Low
19,Female,Low,Balanced,7.5,47,7.2,5.0,5.8,Low
23,Male,High,Vegan,3.7,54,2.9,3.3,4.6,Low
22,Other,High,Junk Food,5.8,20,6.9,2.4,4.7,Moderate
45,Female,High,Keto,6.1,22,3.5,3.6,6.8,Moderate
58,Female,Low,Keto,6.0,26,4.6,4.0,7.0,Moderate
22,Other,Moderate,Junk Food,5.9,28,7.4,4.8,2.4,High
35,Female,Moderate,Vegetarian,5.8,55,4.7,6.9,5.5,High
43,Male,Moderate,Vegetarian,7.7,42,3.2,3.5,8.1,High
37,Female,Low,Balanced,7.3,43,3.0,1.5,5.0,Moderate
58,Male,Moderate,Vegan,9.1,29,4.8,4.4,2.5,Low
44,Male,Moderate,Keto,7.7,31,6.6,8.7,3.8,Moderate
29,Female,Moderate,Balanced,4.9,38,8.0,5.5,2.9,High
24,Other,Low,Junk Food,6.2,51,6.7,9.7,2.1,High
20,Male,Moderate,Keto,6.1,43,7.3,5.5,4.4,Low
27,Other,Moderate,Vegan,6.9,41,6.5,3.5,5.9,Moderate
51,Female,Low,Vegan,8.1,22,7.4,2.7,1.7,Low
42,Male,High,Vegetarian,6.8,59,2.5,7.3,6.4,Moderate
52,Female,Moderate,Balanced,6.8,46,7.6,5.8,9.9,High
33,Other,High,Junk Food,6.5,38,4.4,6.4,9.7,Low
19,Female,Moderate,Keto,7.7,28,7.5,7.8,8.5,Low
41,Female,Low,Vegan,5.6,32,2.5,7.5,3.4,Moderate
27,Male,High,Keto,4.3,21,6.3,1.4,1.2,Moderate
55,Female,High,Junk Food,7.5,55,6.4,8.2,8.5,Moderate
39,Female,High,Keto,7.1,48,8.0,5.8,1.5,High
43,Female,High,Balanced,8.5,30,6.6,4.5,2.9,Moderate
60,Male,Moderate,Vegetarian,2.9,53,4.3,5.8,5.9,High
56,Other,Moderate,Keto,6.3,23,5.3,6.5,2.6,Moderate
44,Other,High,Vegetarian,6.7,23,4.2,2.3,8.5,Moderate
46,Female,Moderate,Junk Food,4.2,20,3.2,4.8,8.0,High
64,Male,High,Vegetarian,6.4,44,3.5,4.0,7.8,Moderate
55,Female,High,Keto,8.3,45,3.3,4.2,8.3,High
37,Other,Low,Keto,9.6,30,5.3,1.8,3.0,High
44,Male,High,Vegan,8.0,42,7.4,2.4,7.6,Moderate
58,Other,Moderate,Keto,6.0,21,7.5,2.5,4.2,Moderate
37,Other,High,Vegetarian,8.4,38,2.3,4.4,7.0,Low
61,Male,Low,Vegan,7.9,48,2.5,9.1,2.1,Moderate
36,Male,Moderate,Keto,5.8,59,3.5,2.9,7.4,Low
37,Female,Low,Keto,5.6,23,3.5,4.7,9.7,Moderate
52,Female,Low,Junk Food,6.2,35,2.6,3.8,1.4,High
64,Other,High,Vegan,4.9,56,4.3,8.1,1.8,High
19,Male,Low,Junk Food,6.0,46,5.5,1.5,2.1,Low
47,Male,Low,Junk Food,7.2,24,5.5,2.8,4.9,Moderate
51,Female,Moderate,Junk Food,8.1,34,5.3,2.9,3.6,Low
39,Other,Low,Balanced,5.9,42,4.0,9.9,8.3,Moderate
20,Other,High,Junk Food,8.6,22,6.2,6.1,5.3,Moderate
23,Female,High,Vegetarian,7.5,37,7.0,2.3,5.4,High
32,Male,High,Keto,7.5,45,4.1,3.4,7.5,Low
44,Female,Low,Balanced,5.1,25,2.5,2.5,4.3,High
27,Female,Moderate,Junk Food,9.2,36,3.8,2.1,4.2,High
26,Female,High,Keto,7.3,57,2.8,8.2,7.8,High
50,Female,Low,Vegan,6.0,46,4.8,5.5,8.0,Low
49,Male,High,Vegan,5.7,39,2.9,6.7,1.1,Moderate
23,Female,High,Keto,6.0,25,4.8,4.0,2.3,Moderate
58,Male,Moderate,Vegetarian,5.0,54,3.3,6.0,2.9,Low
53,Female,High,Keto,8.0,31,6.4,3.3,4.2,Moderate
19,Other,Moderate,Keto,5.1,22,2.2,3.8,3.6,Low
46,Male,Low,Balanced,6.9,23,5.3,6.9,7.0,Low
21,Other,High,Vegan,5.8,23,3.0,2.4,8.5,Moderate
18,Female,Low,Vegan,7.5,23,2.0,6.6,2.7,High
36,Female,Low,Junk Food,7.7,58,7.2,8.7,6.1,Low
43,Female,Low,Keto,5.5,40,6.0,2.1,4.3,Low
42,Male,High,Keto,6.4,21,2.6,9.1,5.6,Low
27,Other,Moderate,Vegetarian,4.3,35,6.0,1.7,6.6,Low
32,Male,High,Vegan,9.1,26,5.7,4.1,9.0,Moderate
39,Male,Low,Vegetarian,8.1,38,4.8,6.5,2.7,Moderate
38,Female,Moderate,Balanced,4.4,52,4.5,6.0,1.8,Low
39,Other,Low,Junk Food,5.2,28,7.3,1.9,6.6,High
53,Female,Moderate,Vegetarian,6.3,56,3.5,8.2,4.5,Moderate
51,Male,High,Vegan,6.6,36,4.4,9.8,2.5,High
47,Female,Moderate,Balanced,5.5,46,4.0,2.6,2.1,High
42,Other,High,Keto,4.8,52,6.6,9.1,6.0,Low
62,Female,Low,Balanced,7.1,31,7.5,6.0,3.7,Moderate
45,Other,Moderate,Vegetarian,9.1,30,7.1,9.4,10.0,Low
18,Other,Low,Vegan,6.6,32,6.8,2.6,4.7,Low
62,Female,Moderate,Vegetarian,6.1,50,7.9,8.1,2.9,High
21,Male,High,Keto,5.9,32,6.2,1.5,6.7,High
24,Female,Moderate,Keto,4.9,57,6.5,8.9,3.2,High
26,Male,Moderate,Vegan,5.5,45,7.9,7.1,5.4,Low
53,Male,High,Junk Food,8.2,50,2.0,4.3,5.3,Low
36,Female,High,Balanced,3.4,41,5.8,2.7,5.1,Low
18,Male,High,Balanced,6.6,25,6.4,8.3,8.2,Low
27,Male,Moderate,Keto,6.5,39,7.5,6.4,2.9,Low
53,Female,Low,Vegetarian,6.7,40,7.3,4.2,9.1,Low
26,Female,Moderate,Vegetarian,7.6,29,7.1,5.0,8.1,Low
62,Female,Moderate,Junk Food,6.6,38,7.7,8.4,4.0,Low
63,Male,Low,Vegetarian,5.8,54,5.2,4.1,2.6,Moderate
59,Other,High,Balanced,5.5,45,2.0,1.8,3.5,Moderate
49,Male,Moderate,Vegetarian,8.4,26,2.1,9.2,4.0,Moderate
49,Other,Low,Junk Food,8.1,56,5.3,4.5,6.0,Moderate
23,Female,High,Balanced,10.8,27,4.6,4.1,1.4,Low
55,Other,High,Vegetarian,6.1,24,4.7,2.8,9.2,Low
34,Female,Moderate,Balanced,5.5,55,4.4,9.1,1.9,High
27,Female,High,Keto,7.2,47,7.5,3.0,3.5,High
44,Other,High,Keto,7.1,22,4.2,6.7,2.0,Moderate
52,Female,Low,Keto,7.5,58,7.1,8.9,3.3,High
38,Other,Low,Vegetarian,7.8,27,7.4,1.3,8.5,Moderate
42,Female,High,Junk Food,7.4,34,5.0,8.5,6.5,Low
45,Male,Low,Balanced,8.1,46,4.7,4.7,3.0,Low
64,Male,High,Vegan,8.3,55,6.6,6.9,8.8,High
32,Female,Moderate,Keto,8.3,35,6.2,4.4,8.2,Low
21,Female,Low,Keto,3.1,45,4.0,7.3,7.8,Low
46,Other,High,Vegan,6.8,23,2.6,3.3,8.6,Moderate
26,Male,High,Vegan,5.1,31,3.6,1.2,6.6,High
44,Other,Low,Vegetarian,8.1,36,2.8,9.5,5.5,Low
43,Female,Low,Balanced,3.1,45,3.8,1.1,4.4,High
36,Female,Moderate,Keto,8.7,50,3.6,8.4,3.0,Low
45,Other,High,Junk Food,5.2,34,5.8,2.5,6.0,Moderate
34,Female,Moderate,Vegetarian,4.9,53,7.7,4.5,9.0,Low
60,Male,Moderate,Vegetarian,7.0,48,6.1,8.4,6.3,High
58,Other,Moderate,Junk Food,5.9,28,7.6,2.9,9.3,High
59,Male,Low,Junk Food,9.2,33,6.7,8.8,4.2,Moderate
37,Male,Moderate,Junk Food,8.5,55,6.4,5.5,7.3,Low
62,Male,Low,Vegan,5.7,23,4.5,4.3,6.8,Moderate
57,Other,Low,Keto,8.1,57,3.9,7.0,7.0,High
56,Female,Moderate,Vegan,5.7,56,7.1,4.1,6.8,Moderate
40,Male,Moderate,Keto,5.7,43,7.4,4.1,3.0,Low
64,Male,High,Vegan,7.6,36,4.7,7.6,2.3,Low
49,Male,Moderate,Balanced,8.7,32,2.1,3.8,9.8,Moderate
64,Female,High,Keto,5.8,39,6.8,2.8,1.4,High
50,Female,Moderate,Vegetarian,6.0,36,3.7,8.3,5.2,High
63,Other,Moderate,Keto,7.0,46,2.1,8.2,4.8,Moderate
22,Female,Moderate,Keto,5.2,52,6.8,5.5,4.2,Low
60,Other,Moderate,Keto,8.8,40,5.1,5.7,8.0,Low
51,Other,High,Balanced,5.1,36,6.1,7.3,7.7,Low
57,Other,High,Vegan,5.6,41,7.5,5.6,9.1,Low
28,Other,Moderate,Vegetarian,9.2,44,5.2,4.8,4.6,High
20,Other,Moderate,Vegan,6.8,22,5.0,10.0,6.1,Low
50,Male,High,Vegan,9.4,46,3.7,2.3,9.0,Moderate
28,Female,Low,Junk Food,6.2,46,3.8,6.3,9.9,Moderate
33,Male,Low,Balanced,10.3,31,6.8,9.0,9.7,Moderate
35,Other,Low,Junk Food,7.4,34,4.7,7.2,7.5,Moderate
47,Female,High,Balanced,5.4,57,3.0,8.9,2.3,Low
27,Male,High,Vegan,5.3,39,2.6,4.0,1.2,High
35,Male,Low,Vegan,4.3,41,4.8,3.4,8.4,Low
55,Other,Low,Balanced,4.5,21,4.8,8.7,8.6,High
36,Male,Moderate,Vegan,5.5,23,5.9,4.5,7.7,Low
53,Male,High,Vegan,5.0,32,4.8,7.4,3.5,High
30,Male,High,Vegetarian,2.6,51,2.9,2.3,6.8,Moderate
63,Male,Low,Junk Food,7.8,41,5.0,7.8,3.8,Moderate
20,Male,Low,Junk Food,7.7,44,7.4,5.9,5.1,High
27,Other,High,Junk Food,7.0,46,3.0,3.4,4.4,High
55,Other,Moderate,Keto,4.8,36,6.1,5.5,9.2,High
18,Male,Low,Vegetarian,9.0,25,5.6,7.3,3.1,Moderate
44,Other,High,Junk Food,6.2,35,6.5,1.1,6.2,Moderate
63,Other,High,Junk Food,5.3,27,2.9,6.7,4.2,Low
25,Female,Moderate,Vegetarian,6.8,52,7.6,5.9,7.0,High
63,Male,Moderate,Vegan,6.8,29,5.7,3.0,6.1,High
59,Other,Low,Junk Food,2.7,53,7.1,7.8,9.3,High
34,Other,Low,Vegan,6.5,38,3.5,3.7,1.9,Moderate
26,Male,Low,Junk Food,6.7,33,6.4,3.5,3.0,High
23,Female,High,Balanced,5.9,22,6.7,5.2,7.9,High
60,Male,Low,Keto,4.5,42,4.4,7.1,4.3,Moderate
42,Female,High,Junk Food,4.6,59,4.3,9.4,2.5,High
56,Male,Low,Balanced,7.3,30,5.9,2.3,5.5,Low
45,Male,Moderate,Vegetarian,7.6,25,2.6,4.6,6.9,Moderate
50,Male,Moderate,Balanced,5.8,53,6.4,1.6,1.4,Moderate
54,Male,High,Vegetarian,7.1,20,2.3,7.8,3.6,Moderate
26,Female,Moderate,Junk Food,5.8,54,3.1,5.0,8.3,Low
35,Female,High,Vegetarian,5.2,44,6.0,7.4,5.7,Moderate
38,Other,High,Balanced,6.8,48,2.6,3.9,1.3,Moderate
19,Male,Moderate,Keto,4.8,42,7.8,8.6,3.5,Moderate
60,Female,High,Vegan,9.3,37,7.2,5.8,6.8,Moderate
55,Female,Moderate,Vegan,4.3,33,5.8,9.5,2.8,Low
57,Female,Low,Keto,6.9,36,6.9,1.7,8.4,High
53,Male,Low,Vegan,6.7,21,7.3,5.6,7.1,High
60,Other,Moderate,Junk Food,6.6,50,3.6,7.9,5.2,Moderate
54,Female,Moderate,Junk Food,8.7,38,7.1,6.4,9.2,Low
32,Male,Moderate,Balanced,2.5,51,3.2,1.2,4.5,Moderate
45,Female,Moderate,Balanced,7.1,47,4.5,9.8,3.1,High
35,Female,Low,Vegetarian,6.1,27,5.3,3.7,7.0,High
51,Other,High,Balanced,7.4,59,6.3,3.2,6.2,Low
39,Female,High,Junk Food,6.6,58,2.2,5.4,4.0,High
28,Female,Low,Balanced,6.4,41,3.7,5.9,4.1,Moderate
30,Male,High,Vegan,4.7,43,5.7,7.9,4.6,Low
21,Male,Low,Vegetarian,5.5,57,4.1,4.5,3.6,High
39,Other,High,Vegetarian,11.2,21,6.7,5.0,7.4,Moderate
24,Male,Moderate,Junk Food,7.4,38,5.9,5.8,6.9,Low
60,Male,Moderate,Balanced,8.1,21,3.4,4.5,5.0,Moderate
41,Other,Moderate,Vegan,6.0,47,2.9,9.2,4.6,High
21,Female,Low,Balanced,5.2,51,5.8,8.7,4.3,Moderate
45,Other,Low,Keto,7.7,38,4.7,5.1,3.6,Low
32,Male,High,Balanced,3.6,35,3.0,1.0,1.8,Moderate
18,Other,High,Junk Food,5.5,49,4.0,9.1,3.4,High
20,Female,High,Balanced,6.0,41,3.8,2.1,3.9,Low
31,Other,Low,Vegetarian,7.9,33,2.6,3.2,5.9,Low
55,Male,High,Vegan,7.1,20,5.3,2.4,8.0,High
18,Male,Moderate,Junk Food,5.8,21,6.6,2.6,4.6,Moderate
55,Other,High,Keto,7.1,41,5.5,8.2,9.5,Moderate
55,Female,Moderate,Vegan,6.0,52,7.0,6.2,8.4,High
38,Other,Low,Vegan,8.1,34,2.8,9.6,9.9,Low
46,Female,Moderate,Vegetarian,6.9,41,4.6,3.1,8.9,High
22,Female,Moderate,Vegetarian,9.1,59,5.7,5.4,6.6,Low
27,Other,Moderate,Vegetarian,6.1,58,6.1,9.8,6.4,Low
45,Female,Low,Junk Food,8.3,30,6.2,8.4,2.2,Moderate
38,Male,Low,Balanced,6.6,23,6.4,7.6,7.5,High
24,Other,Low,Vegan,5.5,26,5.9,2.7,6.4,Low
20,Female,Low,Balanced,10.4,40,2.6,7.9,5.6,Moderate
62,Male,High,Balanced,8.5,26,6.2,4.1,7.2,High
64,Other,Low,Vegetarian,6.9,23,6.3,5.8,5.0,High
37,Male,Moderate,Balanced,7.6,31,8.0,6.5,5.7,Low
36,Male,Low,Vegan,4.9,46,6.2,6.5,4.6,Low
52,Male,High,Vegan,4.9,36,6.1,7.5,7.5,Low
21,Female,High,Keto,8.2,39,5.1,7.0,8.9,High
22,Other,High,Junk Food,6.5,50,7.2,1.6,8.6,Low
18,Other,Moderate,Balanced,6.3,45,8.0,5.1,8.1,High
21,Female,Low,Junk Food,6.1,50,6.7,7.0,1.1,Moderate
29,Other,Low,Junk Food,6.7,54,5.7,3.7,9.2,High
44,Male,Low,Junk Food,6.1,28,2.5,3.8,3.5,Low
59,Other,Moderate,Junk Food,3.5,24,6.4,2.1,9.0,High
40,Female,Moderate,Vegan,8.6,27,6.3,4.8,2.8,Low
42,Male,High,Balanced,6.3,40,6.7,9.9,5.0,Moderate
38,Female,High,Keto,9.2,35,2.7,3.6,7.7,Low
41,Male,Low,Junk Food,3.9,35,5.9,5.8,6.8,Low
42,Male,Moderate,Keto,3.9,37,3.8,7.7,4.7,Low
62,Other,Moderate,Vegan,6.1,47,6.6,1.1,7.1,Low
63,Male,Low,Vegan,8.0,37,3.4,9.1,5.9,Low
49,Female,Low,Vegetarian,4.7,33,6.1,4.5,3.5,Low
49,Other,High,Junk Food,4.6,56,3.8,8.8,6.8,Moderate
22,Female,High,Vegetarian,7.1,59,2.1,1.4,2.8,Moderate
53,Male,High,Keto,6.0,35,5.8,2.3,7.2,High
63,Female,Low,Balanced,7.3,40,2.7,3.9,1.0,Low
59,Female,Low,Vegetarian,6.1,20,6.0,4.1,5.9,High
59,Male,High,Vegan,7.1,30,7.6,8.6,4.6,Moderate
56,Other,High,Junk Food,8.5,30,7.8,1.1,3.7,Moderate
33,Female,Moderate,Keto,4.7,21,3.4,6.8,5.6,Low
50,Male,Moderate,Vegan,8.3,51,6.9,2.2,6.8,Low
38,Other,High,Balanced,3.9,38,4.1,8.4,9.7,High
26,Other,High,Junk Food,7.4,24,7.4,8.0,8.5,Moderate
23,Other,Moderate,Balanced,8.6,22,6.7,5.5,7.5,High
62,Female,High,Balanced,5.7,47,2.4,2.9,5.3,High
52,Female,Moderate,Junk Food,7.5,45,4.4,6.7,4.5,High
56,Female,Moderate,Junk Food,5.8,42,4.0,2.4,1.3,Low
39,Other,Moderate,Balanced,7.4,49,6.7,2.7,4.2,Moderate
58,Female,Low,Keto,3.1,27,4.5,6.6,8.6,High
22,Male,Low,Junk Food,6.7,55,6.1,9.9,4.5,Moderate
59,Female,High,Vegan,7.1,48,5.6,9.0,5.2,Moderate
40,Female,Moderate,Vegetarian,8.5,32,7.9,6.3,3.4,High
34,Other,Low,Keto,7.9,44,7.6,5.8,3.5,High
29,Female,High,Junk Food,6.3,41,4.6,10.0,1.6,Low
40,Male,High,Junk Food,6.9,52,6.3,5.9,6.5,Moderate
33,Other,High,Keto,4.3,56,7.0,4.8,5.0,High
20,Male,High,Vegetarian,9.0,26,7.4,9.2,6.5,High
47,Other,High,Balanced,7.5,42,2.4,3.1,5.9,Moderate
39,Other,Moderate,Vegan,3.7,25,3.8,1.9,8.2,High
26,Female,High,Junk Food,6.9,34,3.9,6.7,7.8,Moderate
46,Male,Moderate,Vegetarian,7.0,34,4.6,1.9,7.9,High
64,Other,Low,Vegan,5.3,59,3.0,4.4,5.5,Moderate
54,Female,High,Keto,6.6,53,5.0,4.8,4.2,High
40,Other,Low,Junk Food,5.2,33,6.0,5.9,9.4,High
30,Other,Moderate,Balanced,4.4,48,5.0,9.9,1.5,Low
49,Other,Moderate,Keto,5.6,35,6.0,3.0,2.4,Moderate
63,Other,Low,Junk Food,6.8,48,2.4,4.4,4.8,Low
64,Other,High,Vegetarian,7.9,42,7.3,2.2,6.5,High
40,Other,High,Vegan,6.6,29,7.6,6.5,1.1,Moderate
62,Female,Low,Vegan,7.9,23,5.7,7.5,7.5,Moderate
34,Other,Low,Junk Food,7.5,31,7.3,5.3,6.0,High
57,Male,Low,Keto,4.9,53,2.8,3.2,5.4,High
38,Female,High,Balanced,7.5,23,6.8,6.6,4.8,High
19,Male,High,Vegetarian,7.5,39,2.7,5.9,5.7,High
54,Other,High,Junk Food,9.1,47,4.4,2.5,2.5,Moderate
23,Male,Low,Vegetarian,7.1,47,3.9,4.7,2.0,Low
61,Other,High,Vegan,4.6,25,5.5,4.9,3.6,Moderate
35,Other,Moderate,Balanced,5.7,33,3.8,9.8,7.4,Moderate
47,Female,Low,Vegetarian,3.7,54,5.8,8.6,6.3,Moderate
39,Female,High,Junk Food,7.3,20,4.2,7.6,5.3,Moderate
50,Other,Low,Balanced,9.0,38,7.2,9.0,6.1,High
47,Female,Moderate,Keto,2.9,20,5.8,7.6,6.0,Low
34,Male,Moderate,Junk Food,9.0,32,3.3,9.1,3.8,Moderate
60,Female,Low,Vegetarian,7.2,27,4.0,1.5,1.9,Moderate
49,Female,Low,Balanced,4.9,37,7.1,5.1,9.1,Low
59,Male,Moderate,Junk Food,6.9,54,4.3,7.7,6.4,High
31,Female,Low,Balanced,4.9,42,5.2,6.2,7.3,Moderate
27,Other,Moderate,Balanced,7.2,45,5.9,2.6,5.2,High
64,Male,Moderate,Balanced,6.6,57,4.1,4.1,7.8,Moderate
53,Other,High,Vegetarian,7.0,39,3.8,3.9,6.3,Moderate
51,Male,Low,Junk Food,5.1,21,4.9,3.4,1.5,Low
26,Other,Low,Vegan,5.3,45,3.3,4.1,9.0,Low
59,Other,High,Vegan,7.3,55,3.7,5.6,3.7,High
45,Female,Moderate,Vegetarian,5.7,44,2.4,8.7,2.2,Moderate
28,Other,Low,Vegetarian,6.7,49,3.8,7.7,1.8,High
31,Female,High,Balanced,7.2,37,3.9,8.5,7.5,Low
56,Male,High,Junk Food,6.2,26,7.8,9.0,7.3,Low
64,Other,Low,Junk Food,8.2,46,5.5,4.7,7.3,Low
36,Other,High,Keto,6.2,30,6.7,4.1,9.2,Low
32,Male,Moderate,Keto,6.2,56,2.3,1.5,4.1,Low
45,Male,High,Vegan,5.6,27,2.6,9.4,6.1,High
41,Other,Moderate,Keto,8.1,30,6.9,1.6,6.6,High
25,Male,Moderate,Keto,5.4,43,5.7,7.7,9.8,Low
60,Female,Low,Vegan,8.4,49,3.1,4.4,3.8,Moderate
26,Male,High,Vegan,6.7,49,4.4,9.5,9.6,Moderate
64,Male,Moderate,Keto,10.5,34,5.2,4.8,2.3,Moderate
50,Other,Moderate,Junk Food,5.5,54,7.1,8.3,7.9,Moderate
50,Female,High,Keto,8.4,58,2.4,3.5,6.7,Moderate
36,Male,Moderate,Balanced,7.3,43,5.6,3.7,8.4,Low
20,Female,High,Balanced,5.7,27,6.3,6.4,1.3,High
27,Female,Low,Balanced,7.3,39,7.9,10.0,1.7,Low
57,Female,Moderate,Vegetarian,7.2,45,6.8,5.7,1.6,Moderate
64,Other,Moderate,Balanced,6.0,43,3.7,9.4,6.3,Moderate
59,Male,High,Junk Food,7.1,41,6.3,8.1,6.4,High
18,Other,High,Vegetarian,8.2,24,6.6,8.2,9.2,Low
46,Male,High,Vegetarian,7.3,34,6.4,4.9,5.2,High
51,Male,High,Balanced,5.9,55,6.9,4.5,1.6,Moderate
30,Other,Moderate,Keto,5.8,56,7.4,2.7,2.9,Moderate
18,Female,Low,Vegan,6.4,48,2.6,9.7,1.1,High
51,Female,Low,Keto,8.2,34,2.6,9.6,8.0,Moderate
46,Male,Low,Keto,5.4,46,6.8,7.7,8.3,Low
64,Other,Low,Vegetarian,7.1,27,3.5,3.7,10.0,Moderate
30,Female,High,Vegetarian,4.2,48,2.4,3.2,4.7,Moderate
46,Female,Moderate,Vegetarian,7.4,38,4.4,9.9,1.2,Low
56,Male,Moderate,Junk Food,7.6,50,6.9,1.6,3.1,Moderate
41,Male,Moderate,Junk Food,9.5,28,2.8,8.6,6.3,High
43,Other,High,Vegan,7.9,29,6.0,4.2,9.7,High
34,Male,Moderate,Vegetarian,5.9,56,2.0,4.8,1.9,Moderate
24,Female,High,Balanced,4.2,29,2.7,8.5,2.1,Low
30,Female,Moderate,Vegetarian,7.3,52,4.1,1.8,7.3,Low
22,Female,Low,Junk Food,6.0,44,2.5,4.2,7.0,High
43,Female,High,Vegetarian,7.0,23,7.1,9.6,3.3,Moderate
20,Other,Moderate,Junk Food,5.4,24,7.2,7.3,8.3,Low
24,Other,Low,Vegetarian,6.2,42,6.5,7.8,2.2,Low
56,Male,Low,Balanced,4.0,58,3.5,7.8,9.3,High
18,Male,Low,Vegan,4.9,24,5.1,1.5,2.8,High
34,Male,High,Balanced,4.7,27,3.1,2.8,1.7,Low
60,Other,High,Junk Food,7.8,36,3.7,5.4,4.1,High
42,Female,Moderate,Keto,5.3,20,5.1,4.3,2.7,Low
20,Male,Low,Balanced,8.6,31,6.4,4.7,5.7,Moderate
32,Female,Moderate,Vegetarian,5.3,54,2.6,8.0,7.2,High
46,Male,Moderate,Vegan,9.6,33,3.8,1.1,5.4,High
60,Male,Low,Vegetarian,3.6,37,7.6,6.9,6.9,Moderate
49,Male,Moderate,Vegetarian,7.1,29,4.6,1.0,4.3,Low
43,Male,High,Balanced,6.6,34,7.6,1.6,1.3,Low
33,Male,Moderate,Vegan,4.7,52,7.9,4.7,9.8,High
42,Female,Low,Keto,5.7,38,5.2,8.6,8.4,Low
45,Male,High,Vegetarian,6.1,53,3.7,2.3,1.7,Low
26,Female,High,Vegan,6.9,44,6.7,6.0,5.0,Moderate
18,Other,Moderate,Keto,5.1,35,3.0,7.1,6.7,Moderate
46,Male,Moderate,Vegetarian,7.1,27,3.5,3.1,2.7,Moderate
39,Female,High,Vegan,6.7,54,6.7,5.6,6.2,High
33,Other,Moderate,Balanced,7.7,40,4.6,9.2,5.8,Moderate
58,Other,Low,Vegetarian,5.2,38,3.2,5.6,2.9,Moderate
61,Other,Moderate,Vegetarian,5.9,30,5.9,2.4,2.3,Low
58,Female,Moderate,Vegan,8.7,30,6.4,6.7,7.8,Moderate
24,Male,High,Vegetarian,5.1,30,2.8,6.3,3.9,High
31,Male,Moderate,Keto,4.4,41,3.7,1.2,3.2,Moderate
46,Female,Moderate,Vegetarian,5.6,40,3.3,1.8,7.6,High
36,Male,Moderate,Junk Food,3.8,46,4.3,2.4,7.6,Low
36,Female,Low,Keto,9.0,37,6.6,2.2,3.5,Low
19,Male,Moderate,Vegan,6.1,59,6.3,3.3,8.9,Moderate
58,Other,Low,Keto,6.1,57,6.0,5.1,7.2,Low
62,Male,Low,Junk Food,7.6,49,2.0,4.3,4.1,Moderate
32,Female,Low,Junk Food,5.4,52,2.9,9.0,4.8,Low
20,Female,Low,Vegetarian,6.2,40,3.3,6.5,7.5,High
28,Other,High,Vegetarian,5.4,21,3.6,8.9,2.9,Low
63,Female,Low,Balanced,3.9,32,2.9,5.7,5.2,Moderate
47,Male,Moderate,Keto,6.6,21,4.5,1.8,6.9,Moderate
57,Male,Low,Balanced,8.0,50,2.5,5.2,5.9,Moderate
35,Other,Moderate,Junk Food,6.6,29,6.5,8.4,6.5,High
19,Female,Low,Vegetarian,7.9,42,6.7,2.7,5.9,Low
49,Other,High,Vegetarian,4.9,41,5.4,1.8,2.8,Moderate
25,Male,Low,Vegetarian,5.4,48,2.5,4.0,4.7,High
39,Other,Low,Vegan,4.6,52,7.3,4.5,5.8,High
23,Female,High,Junk Food,7.0,50,7.8,3.8,8.0,High
29,Other,Low,Vegetarian,6.0,33,3.2,2.2,6.9,Low
64,Female,Moderate,Junk Food,6.0,29,6.2,3.3,4.8,Low
57,Female,Low,Vegetarian,7.5,37,7.1,7.1,9.8,Low
53,Male,Low,Keto,5.8,30,5.2,4.5,2.0,High
32,Male,Low,Junk Food,8.1,58,3.9,6.7,2.9,Low
45,Male,High,Balanced,6.9,22,4.9,5.8,4.1,Moderate
62,Female,Low,Vegan,6.0,21,5.1,5.9,3.1,High
35,Other,Low,Balanced,4.2,27,4.4,3.2,6.6,Low
19,Female,Moderate,Junk Food,7.5,50,7.6,5.7,1.4,High
30,Male,Low,Vegetarian,6.9,27,6.5,1.2,2.6,High
62,Male,Low,Junk Food,7.0,21,3.4,4.9,3.6,Low
32,Other,Low,Vegan,7.0,41,5.5,6.2,7.2,High
37,Male,Low,Junk Food,5.7,24,6.1,2.6,8.9,Low
46,Male,Moderate,Vegetarian,6.3,26,2.8,3.3,8.2,Low
59,Male,Moderate,Balanced,5.8,39,4.2,3.0,2.6,Low
46,Other,High,Keto,8.4,47,7.4,1.6,6.1,High
20,Female,Low,Balanced,6.1,32,5.4,4.1,1.3,High
36,Male,High,Vegetarian,5.6,21,3.3,9.8,3.8,Low
20,Other,High,Vegetarian,8.5,51,2.7,4.2,8.3,High
31,Male,Low,Vegan,8.3,45,5.1,5.1,5.1,Low
57,Other,Moderate,Junk Food,6.9,22,5.3,6.9,2.3,Moderate
21,Male,Moderate,Junk Food,6.3,32,4.0,6.8,4.9,High
28,Other,Low,Balanced,5.9,40,5.8,9.5,2.8,High
48,Male,Low,Keto,6.4,56,2.4,8.7,4.5,Moderate
60,Female,Moderate,Keto,5.2,42,2.9,8.1,5.4,Moderate
49,Male,Low,Vegan,7.2,26,5.3,9.6,4.1,Moderate
44,Other,Low,Vegetarian,9.0,36,2.4,3.1,9.4,Low
47,Male,Low,Vegan,7.3,47,7.3,6.6,6.1,Low
60,Female,Moderate,Junk Food,4.8,49,2.9,9.0,8.6,Moderate
19,Male,High,Vegetarian,7.2,24,6.0,6.6,7.8,Low
26,Other,High,Vegan,6.8,43,4.3,9.8,7.0,High
45,Other,Low,Balanced,7.2,26,4.4,1.9,5.5,Moderate
48,Female,Moderate,Junk Food,5.3,53,6.6,5.0,1.0,High
51,Other,Low,Keto,6.5,52,5.0,9.8,6.5,Low
32,Male,Moderate,Vegan,7.8,46,6.4,4.4,4.2,Moderate
42,Male,Low,Junk Food,4.9,33,5.0,7.7,2.1,Low
53,Male,Moderate,Junk Food,5.8,38,5.6,1.3,5.0,High
25,Other,Moderate,Keto,6.1,57,6.6,7.3,7.6,Low
26,Male,High,Keto,8.0,31,5.6,9.4,9.7,High
54,Male,Low,Keto,8.2,22,5.7,4.4,4.4,Low
62,Male,High,Vegan,3.6,26,6.7,1.2,5.9,High
56,Female,High,Keto,8.0,54,7.7,1.3,8.7,Low
49,Other,Moderate,Balanced,8.3,44,4.3,9.0,4.0,Moderate
34,Other,Low,Junk Food,8.2,34,5.5,7.5,2.3,Moderate
52,Other,Moderate,Keto,5.7,38,2.5,2.0,3.5,Low
54,Female,Moderate,Junk Food,6.2,38,4.2,1.5,9.1,High
36,Other,Moderate,Vegetarian,4.1,42,4.5,8.2,2.4,Low
61,Female,Low,Vegetarian,3.4,30,7.0,8.3,4.0,Moderate
46,Female,Low,Keto,6.0,40,5.1,2.1,5.2,High
24,Other,Moderate,Junk Food,6.6,53,6.4,3.7,8.6,Low
45,Male,Low,Vegetarian,6.8,58,2.1,8.0,9.4,Low
26,Male,Moderate,Keto,7.7,26,4.8,5.7,4.8,High
45,Other,Low,Junk Food,11.1,46,7.4,9.6,9.4,Low
23,Other,Low,Keto,5.9,42,3.3,5.3,2.5,Moderate
46,Female,High,Junk Food,4.9,57,2.2,7.1,2.4,Moderate
34,Other,Moderate,Vegetarian,7.3,39,4.6,5.6,9.5,High
33,Female,High,Keto,6.8,46,6.2,9.5,5.6,Low
40,Other,High,Vegetarian,5.6,27,4.7,4.6,2.7,Low
48,Male,Moderate,Keto,7.9,56,4.8,3.1,5.4,Moderate
20,Male,Moderate,Vegan,5.3,22,6.0,3.9,8.0,High
38,Other,Low,Vegetarian,6.3,21,3.5,8.7,8.4,High
43,Female,Moderate,Vegetarian,6.4,41,6.5,5.5,8.8,High
53,Male,High,Balanced,5.1,25,2.9,4.2,6.1,Moderate
59,Female,High,Vegetarian,3.9,58,4.4,5.9,8.8,Moderate
54,Other,Moderate,Junk Food,6.8,59,5.9,2.2,5.6,High
39,Other,High,Keto,8.6,55,7.0,1.0,6.5,High
59,Male,Low,Vegan,7.9,43,6.7,3.5,7.8,Low
29,Other,High,Junk Food,8.0,31,6.3,6.4,4.8,Low
59,Male,Low,Junk Food,5.3,36,4.2,7.4,1.7,High
30,Female,High,Junk Food,6.8,41,2.7,8.4,4.2,Moderate
28,Male,Low,Junk Food,4.4,38,3.3,9.3,6.6,Moderate
33,Male,Low,Vegan,6.8,28,7.2,4.7,2.7,Low
25,Female,Moderate,Balanced,8.6,31,7.1,7.7,2.3,High
57,Male,Low,Vegetarian,8.6,51,7.7,1.7,3.6,Moderate
57,Male,Moderate,Junk Food,9.5,50,2.5,1.5,1.3,Moderate
62,Other,High,Vegetarian,8.0,36,5.2,2.1,7.7,Moderate
19,Female,High,Vegetarian,7.2,42,5.9,5.0,3.3,Moderate
47,Male,High,Junk Food,7.8,29,6.3,2.9,2.1,Low
47,Female,Low,Balanced,7.5,49,5.9,3.6,7.3,Moderate
29,Female,High,Vegetarian,5.3,38,6.6,6.8,8.6,Moderate
27,Male,High,Keto,4.2,45,4.2,4.2,1.2,High
61,Other,Moderate,Vegetarian,7.8,45,3.1,6.0,3.1,High
28,Female,Moderate,Junk Food,9.6,30,3.2,4.7,9.5,Low
32,Male,High,Vegan,7.9,39,2.1,2.5,4.5,Low
33,Female,High,Vegetarian,3.7,23,4.1,1.7,9.4,Low
34,Other,Low,Balanced,5.7,31,2.6,3.1,3.5,Low
43,Other,Low,Keto,6.2,44,3.9,1.5,3.0,Moderate
19,Other,High,Keto,3.7,29,5.8,6.6,2.9,High
29,Male,Moderate,Vegan,4.4,41,7.4,8.2,1.8,Moderate
43,Male,High,Vegan,6.4,26,7.0,4.1,9.1,Moderate
40,Other,Low,Vegetarian,6.9,43,3.5,4.5,9.8,Moderate
35,Male,Moderate,Junk Food,5.0,21,2.8,8.3,9.6,High
49,Other,Moderate,Balanced,4.4,51,3.2,3.0,8.7,Low
55,Male,Low,Keto,8.3,40,7.8,2.1,8.6,Low
64,Other,High,Vegan,5.9,26,5.3,5.5,6.9,High
20,Female,High,Balanced,6.1,27,3.1,6.8,8.4,High
55,Other,High,Junk Food,5.7,57,7.0,6.4,2.9,Low
20,Other,Low,Keto,5.3,40,4.4,7.4,4.5,Moderate
47,Male,Moderate,Keto,8.5,27,7.4,1.5,6.8,Low
18,Male,Low,Junk Food,5.2,44,3.6,4.9,8.9,High
47,Male,High,Keto,6.8,47,4.4,3.1,6.9,Low
62,Male,Low,Junk Food,6.5,47,5.0,7.8,8.6,Low
49,Male,Moderate,Keto,3.6,50,7.4,8.9,5.3,Low
45,Male,Low,Vegetarian,6.9,55,7.2,3.5,7.5,High
38,Female,High,Junk Food,4.2,44,5.4,1.9,9.8,High
63,Other,Moderate,Balanced,7.5,56,3.3,3.3,2.4,Low
30,Other,Low,Vegetarian,4.7,57,4.4,1.9,9.3,Low
44,Other,Low,Balanced,7.3,31,7.9,3.9,5.7,Moderate
53,Female,Moderate,Keto,5.9,56,5.6,5.8,6.8,Moderate
24,Other,Moderate,Balanced,5.5,56,6.7,9.8,8.9,Low
39,Female,High,Vegetarian,6.8,50,4.7,4.6,4.7,High
27,Female,Moderate,Junk Food,4.3,37,5.2,3.0,4.8,Moderate
56,Female,High,Vegan,6.4,45,4.6,2.5,5.7,Low
32,Other,Low,Balanced,7.7,25,6.2,2.6,1.2,Moderate
32,Female,High,Vegan,8.1,28,7.1,2.7,5.5,Moderate
21,Other,Low,Balanced,5.8,30,5.0,7.9,3.6,Moderate
49,Other,Moderate,Balanced,6.0,50,4.9,1.5,9.4,High
40,Male,Low,Junk Food,4.3,21,4.0,10.0,1.8,Low
23,Male,Moderate,Keto,5.4,48,3.1,5.7,5.1,High
41,Female,Low,Vegetarian,4.2,24,7.6,5.9,9.5,High
37,Female,Low,Vegetarian,7.2,42,3.9,4.2,9.1,Moderate
54,Other,Low,Vegetarian,7.8,55,6.8,7.2,7.3,Low
37,Female,Low,Keto,5.8,26,6.3,5.2,6.3,Moderate
29,Female,High,Vegan,4.9,32,6.7,4.0,3.5,High
50,Other,Low,Vegetarian,7.0,29,7.6,3.4,4.3,High
45,Female,High,Vegan,5.2,55,5.7,9.3,1.8,Low
25,Female,Moderate,Keto,7.5,35,7.4,3.6,8.1,High
18,Other,Moderate,Keto,9.4,34,3.0,4.9,3.9,High
54,Other,High,Junk Food,5.2,38,5.8,4.2,7.0,Low
39,Male,Moderate,Vegetarian,5.4,40,6.6,1.8,4.2,Moderate
23,Other,Moderate,Junk Food,4.3,54,3.6,2.7,5.2,Low
38,Male,Low,Vegetarian,6.7,34,6.4,2.7,6.0,High
49,Female,Low,Keto,6.6,33,6.7,7.2,8.2,Low
52,Other,Low,Keto,6.1,48,7.0,4.7,2.9,Moderate
32,Other,High,Balanced,6.5,24,3.9,8.0,4.6,High
22,Other,High,Balanced,4.9,37,6.1,7.4,2.2,Moderate
63,Female,Moderate,Keto,4.0,20,3.8,2.7,1.7,Moderate
23,Male,Low,Keto,5.4,46,6.4,6.1,6.4,Low
42,Female,High,Vegan,3.6,46,4.8,7.7,2.7,Moderate
63,Female,High,Vegan,5.2,44,5.6,6.7,1.5,Low
57,Other,Low,Junk Food,7.0,40,4.5,6.4,9.1,Low
46,Male,High,Balanced,6.6,33,3.0,7.7,5.8,Moderate
24,Female,Low,Balanced,3.8,39,3.1,1.5,2.2,Low
57,Other,Moderate,Keto,8.1,47,2.5,7.6,1.5,Low
30,Female,Moderate,Keto,6.2,40,5.7,3.5,2.1,Moderate
55,Female,Moderate,Junk Food,4.6,42,7.1,6.1,5.2,High
35,Other,Low,Balanced,6.0,30,2.1,3.2,7.0,Low
19,Other,High,Vegan,5.6,21,2.4,8.5,6.8,Low
25,Male,Moderate,Vegetarian,5.2,39,4.7,5.3,2.3,Moderate
28,Female,Moderate,Junk Food,7.7,43,6.4,6.8,6.7,Low
50,Other,Moderate,Vegetarian,4.8,44,2.9,8.1,4.6,Moderate
55,Other,High,Vegan,6.8,56,3.6,9.1,5.2,High
44,Male,High,Vegan,4.5,41,3.4,7.6,8.2,High
37,Male,Low,Vegetarian,6.4,43,4.4,2.3,4.0,Moderate
29,Other,Moderate,Junk Food,6.9,34,3.3,8.7,2.3,High
60,Male,High,Vegetarian,6.9,31,4.1,6.6,8.9,Moderate
48,Other,Low,Junk Food,6.6,50,6.4,6.5,2.9,Low
44,Female,Moderate,Junk Food,6.1,50,5.7,9.3,3.6,High
49,Male,High,Keto,4.9,49,2.5,3.2,7.4,Low
27,Female,High,Balanced,4.9,39,5.8,3.2,7.2,Low
20,Female,Low,Balanced,6.9,27,4.9,5.6,8.2,Moderate
62,Female,Moderate,Vegan,4.6,49,7.6,7.8,2.7,High
44,Other,Moderate,Keto,4.3,54,3.7,5.0,4.2,High
52,Female,High,Balanced,8.6,40,6.4,6.7,2.1,Low
48,Female,Moderate,Junk Food,6.1,59,6.4,5.1,5.9,Low
32,Female,Low,Junk Food,7.5,47,3.3,6.5,3.6,Moderate
33,Other,High,Vegetarian,7.8,58,7.4,8.4,7.2,High
30,Female,High,Vegetarian,6.6,36,4.9,2.6,1.0,Moderate
52,Female,Low,Junk Food,5.9,31,6.1,7.3,1.5,Moderate
28,Male,High,Junk Food,6.0,37,2.9,8.1,4.9,Moderate
38,Other,Moderate,Vegetarian,8.9,47,3.5,5.0,9.6,High
28,Female,Moderate,Balanced,5.7,22,5.5,3.9,9.0,Moderate
47,Male,High,Vegan,6.8,34,3.9,1.1,9.9,High
52,Other,Low,Vegetarian,7.5,35,5.0,8.2,4.8,Moderate
39,Other,Low,Balanced,6.9,41,4.2,4.0,1.4,Low
55,Other,Moderate,Balanced,8.1,50,5.8,4.2,3.8,Moderate
48,Other,Low,Balanced,5.9,50,4.9,4.0,7.1,Moderate
31,Other,High,Keto,7.5,20,2.0,5.5,2.2,High
41,Other,High,Keto,3.8,30,5.9,7.3,3.7,Low
49,Female,Moderate,Balanced,8.5,25,4.5,7.9,1.5,Low
53,Female,Moderate,Junk Food,8.2,42,4.1,4.5,5.3,High
49,Female,Moderate,Keto,6.0,28,2.6,7.0,2.9,High
32,Female,Low,Vegetarian,7.2,35,3.3,7.5,1.8,Low
60,Male,High,Keto,7.8,57,3.3,3.7,4.7,High
52,Female,High,Junk Food,4.9,38,7.6,1.9,4.2,Low
20,Other,High,Vegan,6.3,32,4.6,9.1,5.8,Moderate
33,Female,Moderate,Keto,4.5,51,2.3,7.1,7.7,Moderate
22,Female,High,Balanced,8.2,55,2.8,6.8,2.0,Low
38,Other,Low,Balanced,7.7,28,2.5,1.5,8.1,Low
27,Female,Low,Balanced,6.1,56,5.5,8.4,1.2,Moderate
36,Female,High,Vegan,5.9,50,3.1,6.1,5.0,Moderate
42,Female,Moderate,Junk Food,6.3,50,5.0,8.6,6.3,Low
21,Male,High,Vegetarian,5.2,38,4.2,9.8,9.6,High
46,Female,Low,Junk Food,6.2,21,6.8,9.6,6.2,High
36,Other,Low,Vegan,4.9,51,3.9,8.7,2.4,Low
60,Other,Low,Balanced,7.8,53,4.7,1.1,5.7,High
19,Female,High,Junk Food,8.2,20,6.3,9.0,4.6,Moderate
27,Female,Low,Vegetarian,7.9,40,4.6,1.7,5.3,Moderate
60,Female,Moderate,Balanced,4.7,22,6.8,8.7,2.8,High
42,Other,High,Vegetarian,6.2,46,6.0,3.5,5.5,Low
37,Other,High,Keto,7.4,26,4.5,6.5,2.4,Moderate
36,Male,Low,Vegetarian,7.7,52,5.0,1.3,7.7,Moderate
40,Male,Low,Balanced,3.7,28,7.8,7.9,6.3,Moderate
41,Male,Moderate,Keto,7.6,49,6.0,2.0,1.7,High
28,Other,High,Balanced,4.6,37,7.4,4.7,9.0,Low
63,Male,Low,Balanced,6.3,45,3.1,8.4,6.5,High
51,Female,Moderate,Keto,8.4,39,4.9,7.3,3.8,Low
45,Female,Low,Vegetarian,8.2,57,7.5,1.1,1.4,Low
22,Other,High,Vegan,8.5,50,3.9,4.6,6.7,High
22,Male,Low,Vegan,4.9,27,7.8,1.4,4.4,Moderate
38,Female,High,Vegan,5.3,42,2.6,7.1,9.2,Low
29,Other,Low,Vegan,5.7,44,7.4,9.7,1.3,High
21,Male,High,Junk Food,6.3,20,4.7,6.9,1.4,Moderate
59,Female,Moderate,Vegan,6.8,37,2.4,3.0,9.5,Low
37,Male,High,Keto,8.4,38,7.3,4.2,9.7,Low
55,Other,Moderate,Vegan,5.1,25,3.5,9.8,1.2,Moderate
42,Male,High,Balanced,5.6,36,2.1,3.0,7.4,Low
31,Other,Moderate,Vegan,8.6,27,2.8,6.1,3.0,High
28,Male,Low,Vegetarian,4.8,28,6.0,4.6,7.3,Low
49,Female,High,Keto,7.6,56,7.9,7.9,8.8,Low
28,Other,Low,Keto,6.4,46,2.7,8.8,1.9,Moderate
35,Other,Moderate,Junk Food,7.1,55,4.8,4.1,3.1,High
44,Other,High,Balanced,5.3,25,3.1,6.9,1.2,Moderate
35,Male,High,Keto,7.6,25,6.5,5.9,1.4,High
40,Male,Low,Vegetarian,5.5,23,2.7,3.5,1.3,Moderate
28,Female,High,Vegan,4.4,41,3.4,3.4,8.2,Low
38,Other,High,Keto,7.2,59,3.2,5.8,3.7,High
61,Other,Low,Vegetarian,2.7,46,5.3,2.4,5.4,High
22,Male,High,Vegan,5.6,56,7.2,8.3,8.1,Low
40,Male,Low,Junk Food,6.9,21,5.1,1.6,5.5,Moderate
58,Female,Low,Keto,7.6,28,2.3,1.9,4.9,High
42,Female,Low,Keto,8.3,30,5.4,4.1,1.1,Low
58,Male,Low,Vegetarian,9.2,39,6.8,2.1,6.1,Low
27,Other,Low,Balanced,8.7,58,2.8,5.3,2.1,High
39,Female,Moderate,Junk Food,6.8,33,2.4,4.6,7.9,High
36,Male,Moderate,Balanced,8.2,45,3.1,7.5,3.3,High
18,Male,Low,Keto,6.8,57,6.5,9.6,7.1,Low
24,Other,Moderate,Balanced,7.5,49,5.6,7.8,6.8,Moderate
21,Male,Moderate,Vegan,5.6,55,5.2,2.6,6.6,Moderate
18,Male,High,Junk Food,7.2,57,3.5,9.4,3.4,High
32,Female,Low,Balanced,5.8,54,4.0,4.5,3.4,Low
57,Male,Moderate,Vegan,6.2,25,7.8,5.3,8.8,Low
29,Male,High,Vegetarian,7.2,22,3.4,4.8,1.1,High
39,Female,High,Balanced,9.6,20,7.4,3.5,2.6,Low
39,Other,Low,Junk Food,7.1,37,5.5,9.1,6.5,Low
64,Other,Low,Vegan,6.5,42,2.7,4.0,8.4,Low
34,Female,High,Balanced,5.3,51,4.8,6.2,4.2,High
46,Female,Low,Vegetarian,7.8,48,7.7,3.2,6.9,High
63,Other,Low,Balanced,6.0,42,4.5,8.2,6.0,High
31,Other,High,Vegan,7.1,55,7.2,8.0,1.6,Moderate
37,Other,High,Balanced,7.6,25,3.5,3.7,6.6,Moderate
50,Other,Low,Junk Food,8.4,36,5.4,7.1,8.3,High
60,Other,Moderate,Keto,7.8,37,7.1,7.3,9.9,Low
32,Female,Low,Vegan,4.7,50,7.5,6.1,1.3,Low
29,Male,Moderate,Vegan,3.9,25,4.9,6.4,6.9,High
57,Other,High,Vegan,7.6,53,5.8,6.2,4.7,Low
37,Other,Moderate,Vegan,6.6,46,2.0,1.7,1.1,Low
47,Male,High,Balanced,7.1,55,3.5,7.0,6.5,Moderate
55,Male,Low,Junk Food,9.1,44,3.7,5.2,2.1,Low
20,Male,Low,Vegetarian,5.6,29,2.6,4.9,4.4,Low
45,Male,High,Junk Food,8.4,58,3.7,8.7,3.4,High
43,Male,High,Vegan,5.6,58,3.9,1.2,4.3,Moderate
47,Male,High,Balanced,8.8,31,7.8,3.3,5.4,Moderate
30,Female,Low,Balanced,7.6,30,6.0,2.1,4.2,Low
30,Male,Low,Vegan,4.2,22,4.6,1.3,6.0,High
19,Male,Moderate,Balanced,5.9,41,7.9,3.5,3.1,Moderate
54,Female,High,Vegan,9.4,23,2.9,9.9,6.7,Moderate
55,Male,Moderate,Junk Food,9.2,27,4.9,3.4,8.7,Low
19,Other,Low,Keto,7.4,33,5.9,7.0,3.0,Moderate
53,Other,Moderate,Balanced,7.0,39,2.3,2.1,5.6,High
43,Male,Moderate,Vegan,6.9,43,6.3,6.4,6.8,High
28,Female,Low,Vegan,7.2,33,2.6,9.9,6.1,Moderate
25,Other,Low,Balanced,6.3,47,2.8,3.6,4.3,High
61,Female,High,Vegetarian,8.3,35,3.0,8.6,6.8,High
57,Other,Moderate,Vegan,7.4,51,7.6,10.0,1.3,Low
60,Male,Low,Balanced,5.1,31,6.1,6.3,4.3,Moderate
39,Female,Low,Vegan,7.5,35,5.9,3.8,5.8,Moderate
37,Female,Moderate,Vegetarian,6.7,38,5.3,7.1,1.2,Low
25,Female,Low,Keto,6.0,24,3.8,8.6,5.6,Low
46,Other,High,Vegetarian,9.3,31,5.7,2.5,6.9,Low
57,Other,High,Junk Food,6.7,48,4.5,5.1,7.8,Low
43,Other,Moderate,Balanced,3.6,24,2.9,3.9,2.0,High
47,Male,High,Vegetarian,6.1,36,6.1,3.6,9.9,High
34,Other,Low,Keto,8.0,27,2.8,8.7,6.5,Low
37,Male,Low,Vegan,5.1,59,3.1,4.8,4.3,Moderate
33,Female,Low,Balanced,7.9,59,6.9,4.1,3.2,Moderate
63,Female,Low,Vegetarian,5.0,49,6.0,6.4,6.2,Moderate
60,Male,Moderate,Keto,8.5,29,5.8,3.0,8.9,Low
24,Other,High,Vegetarian,5.6,39,4.5,3.1,5.7,High
33,Male,High,Junk Food,6.0,35,4.4,5.7,7.0,High
62,Female,Low,Balanced,5.9,35,6.1,4.7,4.2,High
64,Female,Moderate,Vegan,7.4,22,6.4,3.7,4.5,High
44,Male,Low,Keto,9.3,42,5.1,1.5,3.6,Moderate
40,Other,Low,Vegetarian,6.5,41,7.8,5.7,7.4,Moderate
41,Other,Moderate,Balanced,6.5,47,7.7,8.3,4.2,High
26,Male,Moderate,Vegetarian,5.6,55,4.5,8.7,2.7,Low
52,Male,Low,Balanced,4.1,23,6.9,3.1,4.3,High
37,Other,High,Junk Food,5.8,57,5.3,6.4,8.7,High
54,Female,Low,Vegetarian,4.6,43,5.1,8.7,7.6,Low
59,Male,High,Junk Food,3.7,38,2.3,4.7,4.0,High
34,Other,High,Keto,6.4,30,5.4,9.4,9.2,Moderate
64,Other,Moderate,Junk Food,5.7,59,7.4,9.1,1.7,Low
48,Female,Moderate,Balanced,8.6,59,6.7,2.9,1.4,Low
25,Female,Low,Keto,5.2,58,6.7,3.3,2.1,High
32,Female,High,Vegetarian,7.5,37,3.0,2.6,2.0,Moderate
48,Female,High,Vegetarian,7.5,31,4.2,2.8,1.8,Moderate
47,Female,Low,Balanced,8.5,33,3.4,9.2,7.0,Moderate
63,Male,Low,Vegan,6.2,37,3.9,9.4,6.4,High
37,Other,Low,Vegan,8.5,31,5.5,1.5,6.8,High
56,Male,Moderate,Vegetarian,7.3,59,4.2,6.3,7.2,Moderate
29,Male,Low,Balanced,8.2,46,5.4,6.1,7.8,High
34,Male,Low,Vegan,10.1,25,4.6,4.5,2.9,Moderate
59,Male,High,Junk Food,6.3,43,3.7,6.7,6.6,High
47,Male,Low,Vegetarian,6.8,52,2.6,9.5,6.2,Low
46,Female,High,Junk Food,6.0,35,7.4,2.5,9.5,Low
36,Female,High,Balanced,8.8,31,2.1,2.1,3.1,High
63,Other,Moderate,Junk Food,10.4,50,2.0,1.3,1.5,High
28,Male,Low,Vegan,7.6,56,7.0,4.3,6.9,Moderate
51,Other,Low,Vegan,4.1,32,8.0,4.0,7.7,Low
24,Female,High,Keto,5.2,27,6.4,4.9,3.5,Moderate
61,Female,Moderate,Vegetarian,8.2,57,2.1,5.5,6.1,High
51,Female,Moderate,Balanced,4.8,22,3.4,7.8,1.5,Moderate
37,Male,Low,Vegetarian,5.6,39,7.8,4.5,9.6,Moderate
55,Male,High,Junk Food,5.5,23,6.9,4.0,2.0,High
41,Female,Low,Balanced,6.4,21,5.4,8.4,1.6,Low
27,Other,Low,Balanced,6.9,55,3.4,8.6,1.4,Moderate
49,Other,Low,Vegan,3.7,42,2.1,3.1,4.8,High
32,Female,Low,Junk Food,4.2,38,2.1,3.8,1.9,Moderate
54,Other,High,Vegan,4.2,59,5.7,8.4,7.7,High
37,Female,Moderate,Vegan,4.4,27,2.1,1.7,9.1,High
20,Other,Low,Keto,6.5,35,8.0,3.9,3.3,High
54,Female,Low,Vegan,6.8,37,3.1,5.0,6.7,Low
57,Other,Low,Vegetarian,8.0,55,6.3,2.7,1.4,Low
25,Male,Low,Balanced,7.3,43,2.9,2.6,4.5,High
57,Female,Moderate,Vegan,5.6,20,5.2,4.8,3.6,Low
61,Female,Moderate,Vegetarian,6.8,20,2.5,7.8,3.1,Moderate
40,Other,Moderate,Junk Food,8.1,55,6.6,8.6,6.8,Low
57,Female,Moderate,Balanced,6.2,30,5.5,9.8,2.2,Low
28,Female,Low,Junk Food,6.0,37,2.5,1.7,8.7,Moderate
63,Female,High,Vegetarian,5.1,35,7.1,3.0,7.0,Moderate
25,Male,Moderate,Junk Food,5.3,36,5.3,7.8,7.4,Moderate
46,Male,Moderate,Junk Food,7.5,43,7.5,5.9,9.4,High
47,Other,Low,Junk Food,6.5,53,7.5,3.9,9.5,Moderate
27,Male,Low,Vegan,9.4,23,7.5,2.9,6.0,Moderate
56,Other,Low,Vegan,5.5,54,2.5,3.5,5.5,Moderate
45,Male,Low,Vegan,7.6,34,2.7,4.9,4.0,High
53,Other,High,Balanced,7.1,21,7.9,2.6,7.4,Low
30,Male,High,Vegetarian,6.4,50,4.9,9.7,5.8,High
49,Male,Moderate,Vegan,5.8,28,3.4,2.0,9.4,Low
53,Other,High,Junk Food,7.4,29,6.6,9.9,3.1,Moderate
54,Female,Moderate,Junk Food,7.3,44,3.6,8.6,3.8,High
43,Female,Moderate,Junk Food,6.8,24,6.4,4.8,3.8,High
39,Male,High,Junk Food,7.1,33,7.0,7.7,8.3,Low
21,Other,Moderate,Keto,6.6,57,6.7,7.0,1.9,High
48,Female,Low,Balanced,4.0,59,3.6,2.9,5.1,High
35,Other,Moderate,Vegetarian,6.6,21,4.4,4.1,4.8,Low
55,Female,Low,Vegetarian,6.1,37,4.5,5.6,1.7,High
41,Other,High,Vegan,9.4,48,4.9,6.7,4.7,High
40,Male,High,Keto,7.5,39,3.0,5.9,5.6,Moderate
39,Other,Moderate,Vegetarian,6.8,27,4.7,5.3,1.6,Moderate
19,Female,Low,Balanced,7.2,56,5.1,5.0,5.6,Moderate
48,Male,Moderate,Junk Food,5.0,45,5.2,5.5,9.6,Moderate
28,Other,High,Vegan,5.6,56,6.9,4.9,9.8,Moderate
45,Female,Moderate,Balanced,6.0,23,5.1,5.9,5.8,High
63,Male,Moderate,Vegetarian,7.1,52,3.4,9.0,5.6,High
49,Other,Low,Keto,5.8,41,6.0,6.7,3.6,Moderate
22,Female,High,Vegan,5.7,25,6.8,7.5,10.0,Low
55,Other,Moderate,Vegetarian,4.9,52,3.9,6.4,3.5,Moderate
27,Other,Low,Vegan,6.5,47,5.9,6.8,5.1,High
57,Male,Moderate,Vegetarian,6.7,43,2.9,6.2,1.0,Low
63,Male,Low,Junk Food,7.1,23,4.1,1.2,4.1,Moderate
41,Female,Low,Keto,5.5,21,7.5,10.0,1.6,Low
52,Male,Moderate,Junk Food,7.1,32,7.5,1.3,7.7,Moderate
61,Female,High,Vegetarian,4.9,30,5.5,4.6,6.0,High
40,Other,High,Balanced,6.2,54,6.2,1.9,6.1,Moderate
34,Other,Low,Junk Food,7.0,58,7.1,1.9,3.6,Low
18,Female,High,Balanced,6.1,29,7.8,8.1,8.3,High
48,Other,Low,Vegetarian,4.2,29,4.9,4.8,1.0,Moderate
48,Male,High,Keto,4.3,27,5.4,8.2,4.0,Moderate
59,Other,Moderate,Balanced,6.8,24,4.5,3.5,6.9,Moderate
59,Male,High,Vegetarian,7.4,42,2.4,3.3,9.2,Moderate
51,Female,Low,Balanced,7.0,53,4.5,3.3,3.1,High
26,Female,Low,Junk Food,7.4,51,6.7,6.5,5.9,High
39,Other,High,Vegetarian,6.1,35,6.8,8.3,5.8,Moderate
30,Other,Moderate,Junk Food,7.6,23,7.4,5.1,8.9,High
42,Male,Low,Vegan,7.0,47,2.3,4.4,1.5,Low
35,Male,Low,Vegetarian,5.5,33,5.2,9.8,4.8,High
29,Other,Low,Balanced,7.3,31,2.6,2.1,2.6,Low
57,Other,Low,Vegan,6.9,40,3.2,5.4,1.2,Low
34,Female,Low,Junk Food,9.0,35,7.4,4.7,2.3,High
32,Female,Moderate,Junk Food,8.6,21,5.0,1.9,9.8,Moderate
59,Female,High,Balanced,6.4,42,6.6,3.4,2.9,High
32,Other,Moderate,Vegan,5.9,48,2.4,1.3,9.4,Low
32,Other,Moderate,Keto,8.8,28,4.5,8.9,2.8,Low
56,Other,Low,Balanced,7.3,26,6.0,6.5,9.4,High
30,Female,Moderate,Junk Food,6.2,48,2.8,8.3,6.9,Low
34,Other,Low,Vegetarian,3.5,36,4.0,5.7,2.0,High
49,Male,Moderate,Vegan,5.4,28,2.4,6.4,6.2,High
26,Other,Low,Keto,5.3,25,5.9,7.3,3.9,Moderate
57,Other,Low,Vegetarian,6.3,39,7.8,9.2,4.4,Low
37,Other,Moderate,Vegan,7.4,29,7.0,1.8,5.0,High
43,Other,Moderate,Balanced,7.7,28,7.8,4.0,4.8,Low
44,Other,High,Balanced,8.8,31,7.1,7.4,7.0,High
38,Male,High,Vegan,7.9,52,7.1,9.6,7.9,High
35,Male,High,Keto,4.5,51,5.5,9.8,4.0,Moderate
30,Other,Moderate,Vegan,8.0,53,5.1,6.7,9.3,High
33,Female,Moderate,Vegetarian,9.1,38,4.4,2.7,9.4,Moderate
26,Other,Low,Vegetarian,9.0,52,6.9,2.1,1.4,Low
29,Other,High,Balanced,4.7,35,3.1,9.5,1.1,Moderate
61,Other,Low,Vegan,6.2,42,2.3,4.9,4.8,Moderate
55,Female,Low,Balanced,7.9,45,7.7,2.8,6.3,Low
36,Female,Low,Keto,4.8,56,2.0,9.4,3.5,Moderate
24,Female,Low,Vegetarian,3.9,28,7.9,1.9,3.3,Moderate
52,Male,High,Junk Food,7.0,49,6.4,7.6,7.1,High
35,Female,Low,Junk Food,5.5,32,4.0,6.6,6.4,Moderate
33,Male,Moderate,Vegan,4.1,35,6.2,1.8,2.5,High
56,Male,Moderate,Vegan,8.3,21,6.9,4.0,9.0,Moderate
21,Female,Moderate,Junk Food,6.7,50,3.5,2.3,7.1,Low
42,Female,High,Vegan,5.7,38,6.6,6.4,4.3,Low
49,Female,Low,Vegetarian,5.1,30,6.8,5.3,7.2,Moderate
57,Male,High,Keto,6.8,33,3.5,1.0,2.0,High
30,Other,Low,Keto,7.3,44,2.3,9.8,5.2,Moderate
62,Female,High,Balanced,7.0,26,3.2,4.1,2.5,High
34,Female,High,Vegetarian,4.2,34,3.2,3.3,1.4,Moderate
54,Female,Low,Vegan,7.2,49,2.4,3.0,4.0,Low
23,Male,High,Vegan,7.5,50,6.4,2.4,2.4,Low
36,Male,Low,Balanced,6.0,43,4.3,10.0,6.7,High
30,Other,Moderate,Balanced,8.1,44,7.3,3.7,7.1,Moderate
43,Female,Moderate,Vegan,5.2,27,3.5,4.6,2.3,High
31,Male,Moderate,Vegan,8.4,49,4.7,8.8,1.2,Low
48,Other,High,Vegetarian,6.7,55,5.8,6.8,8.1,High
21,Female,Moderate,Balanced,5.8,33,7.3,4.3,1.0,Moderate
56,Male,Low,Vegetarian,6.0,48,5.1,9.1,4.1,High
25,Female,Moderate,Vegan,8.0,46,4.2,7.7,5.5,Moderate
42,Female,Moderate,Junk Food,6.9,55,7.2,3.1,8.4,Moderate
30,Male,High,Junk Food,7.5,53,3.9,6.8,8.5,Low
49,Male,Low,Vegan,8.1,40,2.5,9.3,7.5,Moderate
55,Male,High,Balanced,5.7,57,4.7,5.5,3.2,Moderate
55,Female,High,Junk Food,6.7,30,6.7,7.6,7.5,Moderate
45,Female,Low,Balanced,6.2,52,2.2,9.7,3.2,High
47,Other,High,Junk Food,8.0,34,5.5,7.2,2.9,Low
20,Female,Low,Balanced,5.9,31,5.6,1.9,5.9,High
45,Male,Moderate,Junk Food,6.6,43,7.6,3.2,7.1,High
20,Female,Low,Balanced,9.9,56,3.7,6.4,1.5,Low
62,Other,Low,Vegetarian,8.4,30,3.7,3.5,1.5,High
51,Other,Low,Balanced,4.9,38,4.6,9.6,8.1,High
33,Male,High,Vegetarian,7.9,20,4.1,4.6,8.7,Moderate
39,Male,Low,Vegetarian,7.5,36,6.4,5.1,6.4,High
49,Other,Low,Vegan,4.8,59,5.9,7.3,4.9,Low
55,Other,Low,Vegetarian,6.3,35,6.6,5.7,8.6,High
25,Other,Moderate,Keto,5.1,45,6.9,4.4,7.6,Moderate
25,Male,Low,Vegetarian,2.9,34,7.5,1.7,6.2,High
23,Other,High,Balanced,6.3,27,4.6,6.4,3.9,Low
31,Other,Low,Vegetarian,5.7,49,7.9,8.8,2.8,Moderate
49,Male,Low,Balanced,4.8,33,3.3,7.2,4.8,High
52,Female,Moderate,Balanced,6.5,52,6.3,4.4,3.6,Low
27,Female,Low,Keto,3.3,26,5.2,2.1,4.1,Low
20,Other,High,Vegetarian,6.6,37,6.9,8.3,5.6,High
29,Female,Low,Vegetarian,6.5,31,4.9,9.5,2.5,High
48,Female,High,Junk Food,7.5,21,6.7,4.5,8.3,Moderate
46,Female,Moderate,Junk Food,4.1,48,7.6,7.6,2.3,High
22,Female,Low,Vegan,9.7,40,6.4,4.7,5.3,Moderate
42,Other,Moderate,Balanced,9.1,26,6.7,5.5,7.7,High
58,Female,Low,Keto,5.3,46,2.4,8.5,5.4,Low
48,Female,High,Junk Food,8.7,31,3.2,1.8,4.2,Low
38,Male,Moderate,Vegetarian,7.8,39,7.8,5.8,5.3,Low
37,Other,Low,Vegan,5.8,33,6.2,2.9,8.6,Low
56,Male,High,Keto,5.6,29,5.4,4.1,9.9,Moderate
39,Male,Moderate,Vegetarian,5.7,42,4.2,6.8,6.7,Low
21,Other,Low,Vegetarian,10.7,49,2.3,1.2,8.1,Moderate
30,Female,Moderate,Balanced,8.5,50,4.2,6.3,1.1,Moderate
62,Male,Low,Balanced,6.2,29,5.0,3.6,8.9,Moderate
59,Other,High,Junk Food,6.3,38,3.3,7.0,9.6,High
37,Female,High,Junk Food,7.8,38,3.0,2.3,6.2,Moderate
30,Other,Moderate,Vegetarian,7.7,42,5.1,7.6,7.8,High
34,Male,Moderate,Vegetarian,5.1,51,5.5,6.8,5.6,Moderate
53,Female,Low,Junk Food,6.9,39,3.4,9.7,3.6,High
50,Female,High,Junk Food,5.7,23,5.5,9.2,8.7,High
18,Other,Low,Vegetarian,6.7,52,7.4,3.5,6.4,Low
32,Female,High,Keto,6.4,20,4.8,1.2,6.2,Moderate
30,Male,Moderate,Vegetarian,8.0,32,7.1,6.9,6.9,High
34,Male,Low,Keto,6.1,22,7.6,6.4,8.7,Low
41,Male,Low,Keto,6.7,31,2.6,1.2,7.6,Moderate
25,Other,High,Vegetarian,3.7,48,2.6,2.1,2.9,Low
44,Female,High,Vegan,7.0,50,4.9,6.3,5.2,High
62,Female,High,Junk Food,5.3,55,5.5,9.2,9.8,Low
40,Female,Moderate,Balanced,4.2,21,4.6,9.2,6.0,Low
63,Male,Low,Vegetarian,8.2,41,4.0,2.4,9.4,Moderate
25,Female,High,Keto,6.4,41,5.8,4.5,8.3,High
25,Male,Moderate,Vegetarian,3.4,50,2.0,1.4,7.0,Moderate
43,Female,High,Junk Food,5.3,33,7.8,5.2,4.1,Moderate
64,Male,Low,Keto,6.5,48,3.4,7.8,3.7,Low
30,Female,High,Balanced,6.6,54,7.5,8.1,6.8,High
56,Other,Low,Balanced,5.8,28,2.7,5.5,4.9,Moderate
54,Other,Moderate,Balanced,1.5,51,3.4,1.9,8.2,High
45,Male,Moderate,Vegan,5.7,46,3.4,4.4,7.8,Moderate
42,Male,High,Keto,8.1,29,8.0,9.4,3.8,Low
33,Female,Low,Keto,8.6,44,2.0,3.1,7.3,Moderate
19,Female,Low,Vegan,5.6,52,5.8,3.9,5.5,Moderate
35,Other,Low,Keto,9.3,30,7.2,7.7,3.9,Moderate
34,Female,High,Vegan,4.1,56,6.0,7.6,4.7,High
47,Male,Low,Vegetarian,5.3,28,4.2,9.2,9.1,Low
56,Male,Low,Junk Food,7.8,26,7.7,4.5,4.2,High
30,Male,Low,Balanced,7.6,26,7.4,5.6,3.6,Moderate
49,Male,Low,Vegan,6.5,53,4.6,5.2,4.2,Low
46,Male,High,Vegan,4.8,38,5.4,9.3,2.9,High
63,Other,High,Vegan,4.8,39,7.8,7.9,5.9,Moderate
47,Other,Low,Vegetarian,5.4,44,7.9,8.5,2.3,Low
35,Male,Low,Vegan,4.9,24,4.7,2.2,8.4,Low
30,Female,Moderate,Junk Food,6.7,48,7.1,8.1,3.0,Moderate
60,Male,Moderate,Junk Food,6.4,46,3.8,4.9,6.4,Low
38,Other,Low,Balanced,4.8,44,4.2,1.2,2.1,Low
47,Male,Low,Vegetarian,6.0,56,3.0,1.5,9.8,High
38,Other,Moderate,Junk Food,2.5,34,3.3,7.1,5.1,Low
34,Other,Moderate,Keto,7.0,23,5.9,4.3,8.4,High
57,Male,Low,Keto,7.6,33,5.1,8.8,7.9,High
36,Male,High,Keto,5.1,36,3.4,7.6,7.4,High
32,Female,High,Vegan,5.3,40,4.4,1.2,8.4,High
26,Other,Low,Vegan,6.9,35,4.2,7.2,1.9,Low
27,Female,Low,Keto,6.7,45,7.9,2.7,7.1,Low
61,Male,Moderate,Balanced,7.7,28,7.1,4.8,3.4,High
48,Other,Moderate,Balanced,5.3,21,4.3,6.6,8.1,Low
40,Female,High,Vegan,5.5,34,7.5,8.9,9.6,High
47,Female,Low,Keto,6.2,54,4.1,5.1,9.1,High
50,Female,Moderate,Balanced,4.9,43,6.0,8.3,2.0,High
26,Male,High,Vegan,6.1,57,7.8,8.0,4.3,Moderate
64,Male,High,Keto,4.9,33,4.3,4.7,4.3,Low
18,Male,High,Vegetarian,7.1,56,6.1,5.5,2.1,Low
61,Other,Moderate,Keto,5.1,56,3.8,7.3,1.9,High
52,Male,Moderate,Keto,6.9,25,3.6,1.3,4.5,Low
28,Other,Low,Junk Food,8.7,37,5.4,9.0,9.9,High
51,Female,Low,Junk Food,7.1,41,7.9,7.9,6.1,Low
33,Female,High,Vegetarian,6.8,37,4.7,3.2,6.6,High
26,Male,High,Vegetarian,4.5,21,7.6,9.8,5.2,High
49,Female,Moderate,Keto,8.6,51,7.5,2.6,7.0,Moderate
32,Male,Moderate,Balanced,8.2,36,3.5,9.2,9.6,High
29,Other,Low,Vegetarian,6.3,20,4.4,3.9,6.3,Moderate
50,Female,Low,Keto,5.9,28,5.9,7.9,1.6,Low
62,Male,Low,Vegan,5.3,32,5.1,5.1,5.4,Low
31,Female,Moderate,Junk Food,9.2,55,2.6,7.6,9.9,Moderate
25,Female,High,Balanced,7.7,56,8.0,2.4,4.5,Low
25,Male,Low,Keto,5.4,49,6.5,3.4,6.3,Moderate
44,Female,Low,Vegan,8.1,50,4.6,1.9,2.0,Low
29,Female,Moderate,Junk Food,8.5,42,5.7,8.8,2.3,Moderate
18,Female,Low,Vegan,6.5,47,2.5,3.7,8.9,Moderate
60,Female,High,Keto,6.0,29,5.0,7.3,3.7,High
57,Other,Moderate,Vegetarian,5.0,44,7.6,8.4,3.7,Low
59,Female,Low,Junk Food,7.6,55,7.4,9.1,4.5,High
28,Female,Low,Vegan,5.9,45,4.0,2.0,9.7,Moderate
56,Male,Moderate,Vegetarian,5.8,45,5.2,9.0,1.8,High
60,Other,Moderate,Balanced,6.5,32,6.2,2.8,8.4,Moderate
48,Male,Low,Keto,5.3,36,4.0,7.6,4.1,Low
34,Male,High,Keto,8.8,59,2.4,7.6,8.6,Low
50,Male,Moderate,Junk Food,8.0,23,5.0,1.1,9.9,Low
49,Other,High,Vegan,6.6,42,5.6,3.0,4.1,Moderate
46,Male,Low,Balanced,5.2,54,2.0,5.4,2.2,High
38,Male,High,Junk Food,5.3,30,2.6,4.8,2.3,Low
38,Male,Low,Junk Food,5.2,31,3.2,9.3,7.8,Moderate
57,Female,Low,Vegan,4.7,28,4.1,4.2,2.3,High
40,Male,Low,Balanced,7.0,34,5.2,9.4,3.3,Moderate
23,Other,Low,Vegan,5.5,56,3.8,5.1,2.8,Moderate
39,Other,High,Keto,5.5,24,3.7,9.7,4.2,Low
55,Female,Low,Vegetarian,5.3,38,7.2,7.6,1.7,Moderate
54,Other,Low,Keto,8.0,30,2.9,8.5,8.7,Moderate
62,Other,High,Keto,5.4,28,5.0,1.9,8.7,High
25,Female,Moderate,Junk Food,8.4,54,7.7,6.3,4.7,Low
58,Male,High,Keto,6.1,46,5.8,2.3,6.5,Moderate
52,Female,High,Balanced,4.6,32,6.3,3.7,6.8,Moderate
28,Male,High,Keto,7.2,31,4.6,6.6,7.7,High
41,Male,Low,Balanced,7.8,28,2.1,7.5,5.7,Moderate
38,Other,Low,Vegan,5.2,47,5.9,1.4,5.6,Moderate
19,Female,Low,Junk Food,6.6,32,5.8,5.8,6.7,Moderate
57,Other,Moderate,Balanced,7.0,39,2.7,6.1,7.3,Moderate
36,Other,Low,Keto,6.6,32,4.8,1.7,4.1,Moderate
56,Male,Moderate,Junk Food,5.8,46,7.5,5.5,4.0,High
45,Other,Low,Junk Food,7.8,45,3.2,7.4,3.4,Moderate
34,Female,High,Balanced,6.1,48,4.8,1.5,5.9,Moderate
23,Other,Low,Balanced,5.6,48,4.8,7.8,4.2,Moderate
36,Other,Moderate,Vegetarian,3.9,41,6.9,6.2,5.9,Moderate
55,Male,Moderate,Vegetarian,3.9,28,6.9,8.5,4.7,Low
45,Female,Low,Junk Food,6.8,43,6.6,3.0,8.5,Low
19,Other,High,Vegetarian,6.4,38,4.2,8.5,1.7,Low
55,Male,Low,Keto,7.8,57,2.4,1.9,6.1,Low
54,Other,Low,Vegan,8.2,50,4.1,4.6,6.2,High
21,Female,Low,Junk Food,6.1,58,6.1,2.8,4.5,Low
39,Other,High,Vegan,7.9,34,6.2,8.9,4.8,High
43,Other,Moderate,Vegetarian,5.7,51,7.8,7.3,8.2,Low
60,Male,High,Balanced,6.3,48,4.7,1.2,3.5,High
53,Other,Moderate,Junk Food,6.2,53,5.8,1.1,8.8,Low
30,Male,Moderate,Vegetarian,8.9,28,5.2,3.6,9.1,Moderate
49,Female,Moderate,Keto,4.6,54,2.9,2.3,6.9,Low
34,Other,High,Junk Food,6.6,25,4.8,6.7,8.0,Low
58,Female,Low,Junk Food,5.5,56,5.3,7.0,6.5,Low
53,Female,Low,Balanced,6.1,33,7.7,9.5,5.7,Moderate
63,Other,Low,Junk Food,6.0,28,4.2,9.6,9.7,High
36,Male,Low,Balanced,6.6,38,7.9,6.9,3.5,High
52,Female,Low,Vegetarian,8.5,42,5.3,1.1,2.4,Moderate
63,Female,High,Keto,9.4,47,3.5,4.2,3.6,Low
57,Other,High,Keto,7.5,35,3.1,5.6,6.5,Low
45,Other,High,Junk Food,5.0,45,2.9,5.5,2.7,Low
18,Other,High,Junk Food,6.2,57,4.7,6.4,9.2,High
59,Other,High,Vegetarian,6.9,59,2.1,9.6,4.7,High
35,Other,High,Balanced,5.9,44,4.7,9.0,8.6,Moderate
57,Other,High,Keto,6.1,54,7.9,2.0,3.2,Moderate
50,Male,Low,Balanced,6.4,24,6.0,3.4,3.8,High
29,Female,Moderate,Vegetarian,7.7,26,6.6,8.5,1.5,Low
25,Male,High,Keto,7.3,42,2.7,8.4,3.3,Low
41,Male,Moderate,Keto,5.6,44,4.8,3.5,5.4,Low
33,Other,High,Vegan,7.4,20,3.7,7.6,9.5,Low
21,Female,High,Vegetarian,9.1,41,7.4,7.0,4.5,Moderate
55,Male,Low,Vegetarian,4.2,23,3.1,5.3,6.8,Moderate
61,Other,Moderate,Vegan,5.8,47,4.8,2.8,4.8,High
44,Other,Low,Balanced,5.7,33,5.5,9.0,1.4,Moderate
26,Female,Low,Vegan,6.6,52,5.1,7.1,5.5,Low
64,Male,Moderate,Vegetarian,3.8,23,7.0,2.5,1.6,High
33,Male,Low,Balanced,8.5,30,3.4,7.3,9.0,Moderate
29,Male,High,Keto,6.6,58,4.3,7.7,7.8,Moderate
48,Other,High,Vegan,6.9,51,6.8,9.0,4.4,Moderate
41,Female,High,Balanced,6.8,23,5.2,3.0,6.8,Moderate
31,Female,High,Balanced,5.7,20,4.4,9.9,2.0,Moderate
62,Male,High,Balanced,7.5,45,2.2,2.4,7.3,Low
42,Other,Low,Vegan,6.5,52,6.5,6.4,8.4,Low
51,Male,Low,Keto,3.4,36,7.8,6.9,8.4,Low
20,Female,High,Balanced,6.3,46,5.7,4.8,3.6,Moderate
41,Other,High,Vegan,6.1,24,7.1,5.3,3.4,High
59,Male,Low,Vegetarian,7.5,26,5.1,9.0,5.7,Low
26,Male,Moderate,Vegan,10.6,44,3.4,6.8,9.7,Low
43,Other,Low,Vegan,7.1,27,2.1,5.5,9.3,Moderate
37,Female,Low,Vegan,9.7,53,5.9,2.2,4.2,High
57,Other,Low,Balanced,5.5,23,5.0,1.1,8.0,Low
27,Male,Low,Vegan,5.6,31,6.7,2.1,9.3,Low
36,Male,Low,Vegetarian,6.1,50,6.2,9.6,3.3,High
20,Male,Moderate,Balanced,7.1,30,7.9,7.9,8.5,Moderate
41,Male,High,Vegetarian,5.5,56,5.1,9.7,3.4,High
22,Female,High,Junk Food,4.1,55,4.6,1.3,4.1,Moderate
20,Female,Moderate,Vegan,6.5,41,3.7,7.1,2.8,Low
44,Male,High,Balanced,4.8,20,4.9,1.4,5.6,High
33,Female,High,Balanced,8.2,23,7.2,8.0,8.6,High
32,Female,High,Vegan,7.5,55,2.3,4.4,5.8,Low
52,Female,Moderate,Keto,5.4,27,7.9,1.9,2.1,Low
29,Male,Moderate,Keto,7.2,44,8.0,6.1,3.3,Moderate
58,Other,High,Vegetarian,5.7,47,5.6,3.5,6.1,Low
61,Other,High,Vegan,6.4,57,4.0,6.9,6.2,Low
43,Other,High,Vegan,6.4,55,3.3,6.9,6.2,High
64,Male,Low,Junk Food,6.0,55,3.7,7.3,1.7,Moderate
51,Female,Low,Keto,7.7,23,2.3,9.9,7.8,Low
40,Female,Low,Keto,4.8,32,4.9,4.5,9.2,High
48,Male,Moderate,Vegan,7.3,57,2.3,5.2,5.6,Low
37,Male,High,Vegetarian,7.0,44,6.3,8.2,7.5,Low
29,Other,Moderate,Vegan,4.4,22,4.2,6.2,9.2,Low
40,Other,Moderate,Vegetarian,5.3,51,3.2,1.3,6.8,Low
21,Male,Moderate,Keto,4.9,58,5.3,8.6,7.1,Moderate
40,Other,High,Junk Food,6.0,20,7.8,1.5,7.5,High
18,Female,Low,Balanced,6.6,30,6.2,2.5,3.3,High
42,Male,High,Keto,5.1,21,5.0,1.9,6.2,Low
19,Male,High,Vegetarian,8.0,24,6.7,1.7,8.6,High
47,Female,Moderate,Vegan,8.1,41,6.4,1.2,3.7,Low
20,Female,Moderate,Keto,8.4,32,7.4,1.5,9.1,High
38,Female,Moderate,Junk Food,2.4,42,3.2,5.0,6.6,Moderate
42,Other,Low,Vegetarian,9.4,50,7.2,3.3,4.8,Moderate
37,Male,Low,Vegan,6.7,54,3.8,2.1,6.6,High
39,Other,Low,Balanced,6.6,57,7.6,6.9,4.6,Low
38,Female,High,Vegetarian,6.3,54,3.7,3.0,8.5,Low
50,Other,Moderate,Vegan,4.5,32,7.6,1.2,5.3,Low
55,Female,High,Balanced,7.0,26,7.8,4.8,9.1,Low
32,Other,Low,Vegan,8.9,24,2.9,3.8,5.6,Moderate
63,Other,Moderate,Balanced,6.7,48,7.8,3.9,6.9,Low
32,Female,Low,Balanced,4.8,27,2.5,5.0,10.0,Low
63,Other,Moderate,Balanced,4.2,27,3.3,7.0,2.3,Low
42,Male,Moderate,Vegan,6.1,26,4.7,6.5,7.6,Low
38,Other,High,Balanced,5.4,38,8.0,9.4,2.2,Moderate
41,Other,High,Vegetarian,7.6,58,4.9,5.7,8.5,High
22,Male,Low,Junk Food,8.6,42,5.3,5.3,6.4,High
23,Female,High,Junk Food,7.2,55,6.2,2.9,9.4,Low
60,Male,High,Balanced,6.4,51,7.8,7.8,8.8,Low
61,Other,High,Junk Food,6.3,23,6.7,2.3,1.7,High
64,Female,Moderate,Junk Food,6.6,49,3.3,5.4,2.2,Moderate
40,Other,High,Balanced,4.8,58,3.8,4.8,6.4,Moderate
21,Other,Low,Balanced,7.4,24,2.6,6.9,5.7,Moderate
44,Male,Moderate,Vegetarian,4.9,22,5.9,9.3,2.5,Moderate
35,Male,Moderate,Keto,8.2,41,3.1,9.5,2.2,Moderate
38,Female,High,Vegan,6.0,47,3.5,2.5,6.1,Moderate
45,Female,Moderate,Balanced,7.7,41,7.3,3.4,1.4,Moderate
52,Female,Low,Balanced,4.3,41,4.0,8.3,8.9,Moderate
39,Other,Low,Junk Food,7.7,53,5.4,5.7,8.3,Moderate
57,Male,Moderate,Vegetarian,8.5,48,4.4,5.1,8.1,Low
40,Male,High,Junk Food,4.6,32,2.4,7.4,1.1,Moderate
20,Male,High,Balanced,6.3,26,4.2,6.4,1.4,Low
57,Female,Moderate,Balanced,7.0,29,4.4,9.7,5.9,High
27,Male,Low,Junk Food,7.1,47,7.4,6.3,9.9,Low
42,Male,Moderate,Balanced,6.0,23,3.9,5.2,4.1,High
25,Male,High,Keto,5.7,51,4.3,5.9,4.1,Low
28,Female,High,Vegan,6.9,41,6.7,8.3,2.2,High
